YEAR,BANAME,BACODE,BANAMEPCAP,BAHTIAN,BAHTIOZ,BAHTIANT,BAHTIOZT,BANGENAN,BANGENOZ,BANOXAN,BANOXOZ,BASO2AN,BACO2AN,BACH4AN,BAN2OAN,BACO2EQA,BAHGAN,BANOXRTA,BANOXRTO,BASO2RTA,BACO2RTA,BACH4RTA,BAN2ORTA,BAC2ERTA,BAHGRTA,BANOXRA,BANOXRO,BASO2RA,BACO2RA,BACH4RA,BAN2ORA,BAC2ERA,BAHGRA,BANOXCRT,BANOXCRO,BASO2CRT,BACO2CRT,BACH4CRT,BAN2OCRT,BAC2ECRT,BAHGCRT,BACNOXRT,BAONOXRT,BAGNOXRT,BAFSNXRT,BACNXORT,BAONXORT,BAGNXORT,BAFSNORT,BACSO2RT,BAOSO2RT,BAGSO2RT,BAFSS2RT,BACCO2RT,BAOCO2RT,BAGCO2RT,BAFSC2RT,BACCH4RT,BAOCH4RT,BAGCH4RT,BAFCH4RT,BACN2ORT,BAON2ORT,BAGN2ORT,BAFN2ORT,BACC2ERT,BAOC2ERT,BAGC2ERT,BAFSC2ERT,BACHGRT,BAFSHGRT,BACNOXR,BAONOXR,BAGNOXR,BAFSNXR,BACNXOR,BAONXOR,BAGNXOR,BAFSNOR,BACSO2R,BAOSO2R,BAGSO2R,BAFSS2R,BACCO2R,BAOCO2R,BAGCO2R,BAFSC2R,BACCH4R,BAOCH4R,BAGCH4R,BAFCH4R,BACN2OR,BAON2OR,BAGN2OR,BAFN2OR,BACC2ER,BAOC2ER,BAGC2ER,BAFSC2ER,BACHGR,BAFSHGR,BANBNOX,BANBNXO,BANBSO2,BANBCO2,BANBCH4,BANBN2O,BANBC2E,BANBHG,BAGENACL,BAGENAOL,BAGENAGS,BAGENANC,BAGENAHY,BAGENABM,BAGENAWI,BAGENASO,BAGENAGT,BAGENAOF,BAGENAOP,BAGENATN,BAGENATR,BAGENATH,BAGENACY,BAGENACN,BACLPR,BAOLPR,BAGSPR,BANCPR,BAHYPR,BABMPR,BAWIPR,BASOPR,BAGTPR,BAOFPR,BAOPPR,BATNPR,BATRPR,BATHPR,BACYPR,BACNPR,BANBGNCL,BANBGNOL,BANBGNGS,BANBGNNC,BANBGNHY,BANBGNBM,BANBGNWI,BANBGNSO,BANBGNGT,BANBGNOF,BANBGNOP,BANBCLPR,BANBOLPR,BANBGSPR,BANBNCPR,BANBHYPR,BANBBMPR,BANBWIPR,BANBSOPR,BANBGTPR,BANBOFPR,BANBOPPR
2021,Alcoa Power Generating Inc. - Yadkin Division,YAD,215,0,0,7557733,2976492,854657,336594,0,0,0,0,0,0,0,--,0,0,0,0,0,0,0,--,0,0,0,0,0,0,0,--,,,,,,,,--,0,0,0,0,0,0,0,0,0,0,0,0,0,0,0,0,0,0,0,0,0,0,0,0,0,0,0,0,--,--,0,0,0,0,0,0,0,0,0,0,0,0,0,0,0,0,0,0,0,0,0,0,0,0,0,0,0,0,--,--,0,0,0,0,0,0,0,--,0,0,0,0,854657,0,0,0,0,0,0,0,854657,0,0,854657,0,0,0,0,1,0,0,0,0,0,0,0,1,0,0,1,0,0,0,0,0,0,0,0,0,0,0,0,0,0,0,0,0,0,0,0,0,0
2021,Arizona Public Service Company,AZPS,5882,138208092,69705707,158125203,79219278,16332972,8243910,5366,2656,3087,12692788,2645837,378234,12782218,--,0.657,0.644,0.378,1554.253,0.162,0.023,1565.204,--,0.078,0.076,0.045,183.676,0.019,0.003,184.971,--,0.762,0.748,0.438,1802.867,0.188,0.027,1815.57,--,0.977,17.452,0.164,0.74,0.998,17.6,0.151,0.723,0.618,6.097,0.004,0.439,2254.928,3237.548,796.444,1830.178,0.24,0.131,0.02,0.1761,0.0349,0.0262,0.002,0.0253,2271.346,3248.645,797.535,1842.133,--,--,0.089,0.88,0.024,0.076,0.09,0.878,0.023,0.075,0.056,0.308,0.001,0.045,205.2,163.326,118.843,187.896,0.0219,0.0066,0.003,0.0181,0.0032,0.0013,0.0003,0.0026,206.694,163.886,119.005,189.123,--,--,0.617,0.589,0.337,1580.898,0.137,0.019,1590.122,--,9729568,4120,4136863,0,0,210116,348211,1904093,0,0,0,13870552,2462420,2462420,14080668,2252304,0.596,0,0.253,0,0,0.013,0.021,0.117,0,0,0,0.849,0.151,0.151,0.862,0.138,4184731,62,3703178,0,0,3421,0,0,0,0,0,0.53,0,0.469,0,0,0,0,0,0,0,0
2021,Arlington Valley LLC - AVBA,DEAA,713,17388046,8673135,17388046,8673135,2378008,1173059,71,38,5,1033353,38553,3855,1034409,--,0.06,0.064,0.004,869.091,0.016,0.002,869.98,--,0.008,0.009,0.001,118.858,0.002,0,118.979,--,0.06,0.064,0.004,869.091,0.016,0.002,869.98,--,0,0,0.06,0.06,0,0,0.064,0.064,0,0,0.004,0.004,0,0,869.091,869.091,0,0,0.016,0.0162,0,0,0.0016,0.0016,0,0,869.98,869.98,--,--,0,0,0.008,0.008,0,0,0.009,0.009,0,0,0.001,0.001,0,0,118.858,118.858,0,0,0.0022,0.0022,0,0,0.0002,0.0002,0,0,118.979,118.979,--,--,0.06,0.064,0.004,869.091,0.016,0.002,869.98,--,0,0,2378008,0,0,0,0,0,0,0,0,2378008,0,0,2378008,0,0,0,1,0,0,0,0,0,0,0,0,1,0,0,1,0,0,0,1661703,0,0,0,0,0,0,0,0,0,0,1,0,0,0,0,0,0,0,0
2021,Associated Electric Cooperative Inc.,AECI,6701,203065729,87816151,228596654,96796375,25778301,10773697,28427,9734,26703,18355586,3540621,508686,18475638,--,2.206,1.807,2.072,1424.111,0.137,0.02,1433.426,--,0.28,0.222,0.263,180.785,0.017,0.003,181.967,--,2.494,2.043,2.342,1610.115,0.155,0.022,1620.646,--,3.921,30.357,0.124,2.495,3.372,30.236,0.119,2.01,3.753,2.701,0.005,2.344,2041.433,1521.662,897.108,1611.187,0.239,0.062,0.017,0.1554,0.0348,0.0123,0.0017,0.0223,2057.769,1526.875,898.023,1621.724,--,--,0.403,3.258,0.017,0.28,0.333,3.258,0.016,0.222,0.386,0.29,0.001,0.263,209.757,163.325,119.02,180.887,0.0246,0.0066,0.0022,0.0174,0.0036,0.0013,0.0002,0.0025,211.435,163.885,119.141,182.07,--,--,2.17,1.943,1.375,1286.568,0.099,0.014,1293.202,--,14210067,31665,8543445,0,185130,15164,2788375,4455,0,0,0,22785177,2993124,2807994,22800341,2977960,0.551,0.001,0.331,0,0.007,0.001,0.108,0,0,0,0,0.884,0.116,0.109,0.884,0.116,2861618,1490,4874405,0,0,9281,0,0,0,0,0,0.369,0,0.629,0,0,0.001,0,0,0,0,0
2021,Avangrid Renewables LLC,AVRN,2126,23298349,8447578,57631738,24218155,6990560,2905926,148,48,7,1384595,50146,5015,1385969,--,0.042,0.033,0.002,396.133,0.007,0.001,396.526,--,0.013,0.011,0.001,118.858,0.002,0,118.976,--,0.095,0.074,0.004,890.985,0.016,0.002,891.869,--,0,0,0.095,0.095,0,0,0.085,0.085,0,0,0.004,0.004,0,0,890.985,890.985,0,0,0.016,0.0161,0,0,0.0016,0.0016,0,0,891.869,891.869,--,--,0,0,0.013,0.013,0,0,0.011,0.011,0,0,0.001,0.001,0,0,118.858,118.858,0,0,0.0022,0.0022,0,0,0.0002,0.0002,0,0,118.976,118.976,--,--,0.106,0.106,0.005,919.725,0.017,0.002,920.646,--,0,0,3108009,0,0,0,3859750,22800,0,0,0,3108009,3882550,3882550,3108009,3882550,0,0,0.445,0,0,0,0.552,0.003,0,0,0,0.445,0.555,0.555,0.445,0.555,0,0,584773,0,0,0,0,0,0,0,0,0,0,1,0,0,0,0,0,0,0,0
2021,Avista Corporation,AVA,2209,25265523,10124809,73699072,30974540,8446561,3489044,1986,815,723,1082784,597533,82777,1102587,--,0.47,0.467,0.171,256.384,0.071,0.01,261.073,--,0.157,0.161,0.057,85.712,0.024,0.003,87.28,--,1.337,1.329,0.487,729.267,0.201,0.028,742.605,--,0,42.687,0.96,0.966,0,42.431,1.148,1.153,0,1.993,0.005,0.006,0,2022.735,883.649,883.81,0,0.062,0.017,0.0167,0,0.0107,0.0017,0.0017,0,2027.49,884.564,884.725,--,--,0,2.908,0.129,0.13,0,2.962,0.142,0.143,0,0.136,0.001,0.001,0,137.786,118.773,118.778,0,0.0042,0.0022,0.0022,0,0.0007,0.0002,0.0002,0,138.11,118.896,118.901,--,--,2.337,2.503,0.826,731.289,0.213,0.031,745.937,--,0,130,2135640,0,4646341,767951,787285,43424,0,65790,0,2201560,6245001,1598660,2969511,5477050,0,0,0.253,0,0.55,0.091,0.093,0.005,0,0.008,0,0.261,0.739,0.189,0.352,0.648,0,294,572996,0,0,422191,0,0,0,0,0,0,0,0.576,0,0,0.424,0,0,0,0,0
2021,Balancing Authority of Northern California,BANC,4899,51457203,24309789,86051052,45491554,10817519,5653025,204,96,32,2991862,109062,10918,2994852,--,0.038,0.034,0.006,553.151,0.01,0.001,553.704,--,0.008,0.008,0.001,116.285,0.002,0,116.402,--,0.059,0.053,0.009,866.514,0.016,0.002,867.38,--,0,0,0.06,0.06,0,0,0.06,0.06,0,0,0.005,0.005,0,0,874.751,874.751,0,0,0.016,0.0159,0,0,0.0016,0.0016,0,0,875.625,875.625,--,--,0,0,0.008,0.008,0,0,0.008,0.008,0,0,0.001,0.001,0,0,118.2,118.2,0,0,0.0022,0.0022,0,0,0.0002,0.0002,0,0,118.318,118.318,--,--,0.096,0.092,0.007,941.021,0.018,0.002,942.005,--,0,876,6775290,0,3265225,129349,0,646779,0,0,0,6776166,4041353,776128,6905515,3912004,0,0,0.626,0,0.302,0.012,0,0.06,0,0,0,0.626,0.374,0.072,0.638,0.362,0,0,2223496,0,0,0,0,0,0,0,0,0,0,1,0,0,0,0,0,0,0,0
2021,Bonneville Power Administration,BPAT,30347,121773496,49752693,810862420,329670027,101563339,40761378,5670,2403,1807,8374238,1268490,184069,8417520,--,0.112,0.118,0.036,164.907,0.012,0.002,165.759,--,0.093,0.097,0.03,137.538,0.01,0.002,138.249,--,0.75,0.792,0.239,1107.317,0.084,0.012,1113.04,--,2.079,0,0.359,0.749,2.308,0,0.336,0.79,0.51,0,0.008,0.122,2445.606,0,846.977,1210.04,0.276,0,0.016,0.0754,0.0402,0,0.0016,0.0104,2464.494,0,847.87,1215.02,--,--,0.178,0,0.05,0.092,0.193,0,0.047,0.096,0.044,0,0.001,0.015,209.76,0,118.58,148.137,0.0237,0,0.0023,0.0092,0.0034,0,0.0002,0.0013,211.38,0,118.705,148.746,--,--,0.798,0.822,0.274,1216.571,0.091,0.013,1222.861,--,3132521,23312,10763947,8511288,68713440,1205666,8907559,212835,92941,0,-170,22430898,79132442,10419001,15125276,86438063,0.031,0,0.106,0.084,0.677,0.012,0.088,0.002,0.001,0,0,0.221,0.779,0.103,0.149,0.851,1624250,0,4219148,0,0,459029,0,0,0,0,0,0.258,0,0.669,0,0,0.073,0,0,0,0,0
2021,California Independent System Operator,CISO,72613,693592413,328211916,1312278351,640636398,170384413,83613269,40857,18382,1360,38473729,4295125,524384,38600006,--,0.48,0.44,0.016,451.611,0.025,0.003,453.093,--,0.118,0.112,0.004,110.94,0.006,0.001,111.305,--,0.955,0.875,0.032,899.149,0.05,0.006,902.1,--,1.169,28.259,0.828,0.844,1.181,29.218,0.798,0.811,0.014,2.009,0.009,0.01,1149.018,1664.414,922.75,923.997,0.131,0.07,0.016,0.0165,0.019,0.0137,0.0016,0.0017,1157.937,1670.238,923.63,924.91,--,--,0.21,2.569,0.106,0.108,0.213,2.822,0.101,0.103,0.003,0.183,0.001,0.001,206.719,151.283,117.991,118.256,0.0235,0.0063,0.0021,0.0021,0.0034,0.0012,0.0002,0.0002,208.324,151.813,118.104,118.373,--,--,0.894,0.815,0.024,1008.097,0.042,0.005,1010.627,--,294154,73410,79167172,16477366,9749225,4822899,14961303,35452953,8165475,974366,246090,97232557,73151855,63402630,85578089,84806323,0.002,0,0.465,0.097,0.057,0.028,0.088,0.208,0.048,0.006,0.001,0.571,0.429,0.372,0.502,0.498,123734,38529,39967934,0,0,1511904,0,0,0,0,0,0.003,0.001,0.96,0,0,0.036,0,0,0,0,0
2021,Chugach Electric Assn Inc,CEA,1049,14591349,5622268,16520307,6431778,2063594,806171,2280,880,29,829575,31419,3142,830436,--,2.21,2.183,0.029,804.01,0.015,0.002,804.844,--,0.313,0.313,0.004,113.708,0.002,0,113.826,--,2.471,2.441,0.032,899.044,0.017,0.002,899.977,--,0,0,2.523,2.523,0,0,2.513,2.513,0,0,0.025,0.025,0,0,917.977,917.977,0,0,0.017,0.0174,0,0,0.0017,0.0017,0,0,918.929,918.929,--,--,0,0,0.321,0.321,0,0,0.322,0.322,0,0,0.003,0.003,0,0,116.889,116.889,0,0,0.0022,0.0022,0,0,0.0002,0.0002,0,0,117.01,117.01,--,--,2.49,2.488,0.033,903.979,0.017,0.002,904.919,--,0,1,1807388,0,176375,38071,41759,0,0,0,0,1807389,256205,79830,1845460,218134,0,0,0.876,0,0.085,0.018,0.02,0,0,0,0,0.876,0.124,0.039,0.894,0.106,0,0,1077927,0,0,26784,0,0,0,0,0,0,0,0.976,0,0,0.024,0,0,0,0,0
2021,City of Homestead,HST,36,3508,1487,3508,1487,-678,-286,3,1,0,286,16,3,287,--,-9.065,-8.014,-0.814,-845.059,-0.024,-0.004,-846.917,--,1.752,1.541,0.157,163.326,0.005,0.001,163.685,--,-9.065,-8.014,-0.814,-845.056,-0.024,-0.004,-846.914,--,0,-9.065,0,-9.065,0,-8.014,0,-8.014,0,-0.814,0,-0.814,0,-845.059,0,-845.059,0,-0.024,0,-0.0238,0,-0.0042,0,-0.0042,0,-846.917,0,-846.917,--,--,0,1.752,0,1.752,0,1.541,0,1.541,0,0.157,0,0.157,0,163.326,0,163.326,0,0.0046,0,0.0046,0,0.0008,0,0.0008,0,163.685,0,163.685,--,--,0,0,0,0,0,0,0,--,0,-368,-310,0,0,0,0,0,0,0,0,-678,0,0,-678,0,,,,,,,,,,,,,,,,,0,0,0,0,0,0,0,0,0,0,0,,,,,,,,,,,
2021,City of Tacoma Department of Public Utilities Light Division,TPWR,781,1883561,876333,25747230,9643121,2974226,1120580,157,75,359,6590,50968,11157,8890,--,0.106,0.133,0.242,4.432,0.017,0.004,5.978,--,0.167,0.17,0.382,6.998,0.027,0.006,9.439,--,1.14,1.436,2.608,47.82,0.185,0.04,64.505,--,0,0,0,0,0,0,0,0,0,0,0,0,0,0,0,0,0,0,0,0,0,0,0,0,0,0,0,0,--,--,0,0,0,0,0,0,0,0,0,0,0,0,0,0,0,0,0,0,0,0,0,0,0,0,0,0,0,0,--,--,1.14,1.154,2.608,47.82,0.185,0.04,64.505,--,0,2849,12593,0,2698594,260190,0,0,0,0,0,15442,2958784,260190,275632,2698594,0,0.001,0.004,0,0.907,0.087,0,0,0,0,0,0.005,0.995,0.087,0.093,0.907,0,0,0,0,0,141657,0,0,0,0,0,0,0,0,0,0,1,0,0,0,0,0
2021,City of Tallahassee,TAL,1024,18640229,8903770,19517723,9269028,2859783,1330414,335,158,12,1107890,48420,4853,1109218,--,0.235,0.238,0.008,774.807,0.017,0.002,775.736,--,0.036,0.035,0.001,118.871,0.003,0,119.013,--,0.243,0.246,0.009,802.658,0.018,0.002,803.62,--,0,0,0.243,0.243,0,0,0.245,0.245,0,0,0.009,0.009,0,0,802.658,802.658,0,0,0.018,0.0175,0,0,0.0018,0.0018,0,0,803.62,803.62,--,--,0,0,0.036,0.036,0,0,0.035,0.035,0,0,0.001,0.001,0,0,118.871,118.871,0,0,0.0026,0.0026,0,0,0.0003,0.0003,0,0,119.013,119.013,--,--,0.273,0.274,0.011,808.809,0.018,0.002,809.781,--,0,1533,2759020,0,0,0,0,99230,0,0,0,2760553,99230,99230,2760553,99230,0,0.001,0.965,0,0,0,0,0.035,0,0,0,0.965,0.035,0.035,0.965,0.035,0,0,1851779,0,0,0,0,0,0,0,0,0,0,1,0,0,0,0,0,0,0,0
2021,Duke Energy Carolinas,DUK,32600,433647594,207810146,489821659,233926065,117432848,52512498,18074,9155,6198,31213275,3808010,528141,31339568,--,0.308,0.349,0.106,531.594,0.032,0.004,533.744,--,0.083,0.088,0.029,143.957,0.009,0.001,144.539,--,0.705,0.798,0.242,1217.15,0.074,0.01,1222.075,--,1.464,47.214,0.164,0.7,1.552,39.618,0.173,0.755,0.572,4.413,0.01,0.241,1703.472,2485.819,894.956,1226.778,0.162,0.101,0.014,0.0746,0.0232,0.0201,0.0014,0.0104,1714.448,2494.334,895.713,1231.728,--,--,0.15,3.102,0.022,0.083,0.158,3.116,0.022,0.088,0.059,0.29,0.001,0.029,174.376,163.326,119.004,145.294,0.0166,0.0066,0.0018,0.0088,0.0024,0.0013,0.0002,0.0012,175.499,163.886,119.105,145.88,--,--,0.879,0.928,0.304,1330.027,0.089,0.012,1335.969,--,13460708,76470,37350178,60454296,1631829,401749,0,4057619,0,0,0,111341652,6091197,4459368,51289104,66143744,0.115,0.001,0.318,0.515,0.014,0.003,0,0.035,0,0,0,0.948,0.052,0.038,0.437,0.563,14482873,3648,13864906,0,0,167715,0,0,0,0,0,0.508,0,0.486,0,0,0.006,0,0,0,0,0
2021,Duke Energy Florida Inc,FPC,14968,359366021,178195649,368907423,182646430,45506031,22136268,11030,5330,4404,23422912,3089850,407909,23522314,--,0.485,0.482,0.194,1029.442,0.068,0.009,1033.811,--,0.061,0.06,0.025,130.357,0.009,0.001,130.91,--,0.497,0.493,0.198,1054.444,0.07,0.009,1058.918,--,0.453,7.846,0.308,0.363,0.423,7.845,0.337,0.37,0.45,2.706,0.012,0.177,1248.06,1438.16,933.23,1051.48,0.091,0.058,0.018,0.0455,0.0128,0.0116,0.0018,0.006,1254.165,1443.087,934.221,1054.391,--,--,0.056,0.891,0.039,0.046,0.051,0.891,0.042,0.046,0.056,0.307,0.002,0.022,155.031,163.326,119.04,132.781,0.0113,0.0066,0.0023,0.0057,0.0016,0.0013,0.0002,0.0008,155.789,163.885,119.166,133.149,--,--,0.5,0.513,0.18,1076.373,0.057,0.007,1080.028,--,5015523,114051,37985796,0,0,850240,0,1078978,0,369952,91492,43576814,1929218,1929218,44427054,1078978,0.11,0.003,0.835,0,0,0.019,0,0.024,0,0.008,0.002,0.958,0.042,0.042,0.976,0.024,7142163,5300,14654793,0,0,457618,0,0,0,0,0,0.321,0,0.658,0,0,0.021,0,0,0,0,0
2021,Duke Energy Progress East,CPLE,15551,213436630,103089751,247094211,118411791,59100236,26220708,7965,4012,8138,15147101,2764419,400437,15229685,--,0.27,0.306,0.275,512.59,0.047,0.007,515.385,--,0.075,0.078,0.076,141.935,0.013,0.002,142.709,--,0.621,0.705,0.635,1181.539,0.108,0.016,1187.981,--,1.39,33.131,0.221,0.566,1.35,50.569,0.209,0.632,1.247,8.951,0.005,0.368,2231.93,3243.09,886.069,1278.381,0.279,0.106,0.017,0.0931,0.0406,0.0212,0.0017,0.013,2250.982,3252.041,886.997,1284.59,--,--,0.128,1.658,0.03,0.067,0.124,1.459,0.028,0.073,0.115,0.448,0.001,0.044,205.076,162.301,119.089,151.381,0.0256,0.0053,0.0023,0.011,0.0037,0.0011,0.0002,0.0015,206.826,162.749,119.214,152.116,--,--,0.704,0.764,0.636,1377.582,0.129,0.018,1386.111,--,6932684,111835,16699188,29882066,686404,1614157,9539,2882621,0,44654,237088,53907515,5192721,4506317,25639606,33460630,0.117,0.002,0.283,0.506,0.012,0.027,0,0.049,0,0.001,0.004,0.912,0.088,0.076,0.434,0.566,6396574,2772,9486676,0,0,652318,0,0,0,0,0,0.387,0,0.574,0,0,0.039,0,0,0,0,0
2021,Duke Energy Progress West,CPLW,30,0,0,369506,188790,41580,21260,0,0,0,0,0,0,0,--,0,0,0,0,0,0,0,--,,,,,,,,--,0,0,0,0,0,0,0,--,0,0,0,0,0,0,0,0,0,0,0,0,0,0,0,0,0,0,0,0,0,0,0,0,0,0,0,0,--,--,0,0,0,0,0,0,0,0,0,0,0,0,0,0,0,0,0,0,0,0,0,0,0,0,0,0,0,0,--,--,0,0,0,0,0,0,0,--,0,0,0,0,0,0,0,41785,0,0,-205,-205,41785,41785,-205,41785,0,0,0,0,0,0,0,1,0,0,0,0,1,1,0,1,0,0,0,0,0,0,0,0,0,0,0,,,,,,,,,,,
2021,El Paso Electric Company,EPE,2106,47832957,26496765,51634750,28249655,5052316,2745902,2590,1441,20,2836312,102944,10365,2839143,--,1.025,1.049,0.008,1122.777,0.02,0.002,1123.898,--,0.108,0.109,0.001,118.592,0.002,0,118.711,--,1.121,1.147,0.009,1227.204,0.022,0.002,1228.429,--,0,0,1.125,1.125,0,0,1.134,1.134,0,0,0.007,0.007,0,0,1231.917,1231.917,0,0,0.022,0.0224,0,0,0.0023,0.0023,0,0,1233.147,1233.147,--,--,0,0,0.109,0.109,0,0,0.109,0.109,0,0,0.001,0.001,0,0,119.119,119.119,0,0,0.0022,0.0022,0,0,0.0002,0.0002,0,0,119.238,119.238,--,--,1.107,1.118,0.008,1241.7,0.023,0.002,1242.943,--,0,11229,4593484,0,0,17682,124325,305596,0,0,0,4604713,447603,447603,4622395,429921,0,0.002,0.909,0,0,0.003,0.025,0.06,0,0,0,0.911,0.089,0.089,0.915,0.085,0,0,3626199,0,0,4987,0,0,0,0,0,0,0,0.999,0,0,0.001,0,0,0,0,0
2021,Electric Reliability Council of Texas Inc.,ERCO,128919,2240833641,1147628524,3185969901,1518734289,417462828,197911030,99149,47305,123249,170237062,22828075,3178173,170995960,--,0.475,0.478,0.59,815.579,0.055,0.008,819.215,--,0.088,0.082,0.11,151.941,0.01,0.001,152.618,--,0.733,0.738,0.911,1258.422,0.084,0.012,1264.032,--,1.109,3.909,0.593,0.733,1.083,3.874,0.542,0.685,3.172,9.809,0.007,0.913,2256.778,2155.877,869.656,1260.274,0.256,0.053,0.016,0.0839,0.0371,0.0092,0.0016,0.0117,2274.233,2159.953,870.529,1265.854,--,--,0.103,0.313,0.081,0.089,0.101,0.309,0.073,0.083,0.295,0.785,0.001,0.11,210.069,172.563,118.439,152.271,0.0238,0.0043,0.0022,0.0101,0.0035,0.0007,0.0002,0.0014,211.694,172.889,118.558,152.945,--,--,0.781,0.709,0.737,1181.007,0.065,0.009,1185.282,--,74510144,261475,193232424,40211257,530002,334937,91424595,14740576,0,1799766,417652,310432718,107030110,106500108,270556398,146906430,0.178,0.001,0.463,0.096,0.001,0.001,0.219,0.035,0,0.004,0.001,0.744,0.256,0.255,0.648,0.352,26009615,135695,102176140,0,0,212666,0,0,0,1976369,0,0.199,0.001,0.783,0,0,0.002,0,0,0,0.015,0
2021,Florida Municipal Power Pool,FMPP,4690,122054639,57610534,125608767,59224001,14535731,6993167,781,215,3165,9357943,1332310,186644,9402407,--,0.107,0.061,0.436,1287.578,0.092,0.013,1293.696,--,0.013,0.007,0.052,153.34,0.011,0.002,154.069,--,0.11,0.063,0.448,1324.192,0.094,0.013,1330.484,--,0,34.187,0.193,0.11,0,34.216,0.11,0.063,0.87,3.084,0.115,0.448,1765.597,1737.838,976.441,1324.192,0.176,0.07,0.03,0.0943,0.0254,0.0141,0.0036,0.0132,1777.578,1743.791,978.252,1330.484,--,--,0,3.213,0.025,0.013,0,3.214,0.015,0.007,0.09,0.29,0.015,0.052,182.698,163.326,124.78,153.34,0.0183,0.0066,0.0038,0.0109,0.0026,0.0013,0.0005,0.0015,183.938,163.885,125.011,154.069,--,--,0.169,0.093,0.415,1280.306,0.086,0.012,1285.991,--,4579658,4157,9495311,0,0,54690,0,401915,0,0,0,14079126,456605,456605,14133816,401915,0.315,0,0.653,0,0,0.004,0,0.028,0,0,0,0.969,0.031,0.031,0.972,0.028,2456787,1101,4469555,0,0,0,0,0,0,0,0,0.355,0,0.645,0,0,0,0,0,0,0,0
2021,Florida Power & Light Company,FPL,31955,661045992,321486487,713761948,345915203,128036830,61109648,11163,4957,2585,38928385,4037557,490187,39051893,--,0.174,0.162,0.04,608.081,0.032,0.004,610.01,--,0.034,0.031,0.008,117.778,0.006,0.001,118.152,--,0.238,0.221,0.055,828.363,0.043,0.005,830.992,--,0,2.572,0.104,0.104,0,2.059,0.103,0.103,0,0.146,0.011,0.011,0,1160.715,804.877,804.891,0,0.098,0.016,0.0157,0,0.0195,0.0016,0.0016,0,1168.975,805.74,805.754,--,--,0,0.36,0.015,0.015,0,0.592,0.015,0.015,0,0.02,0.002,0.002,0,162.28,118.965,118.967,0,0.0136,0.0023,0.0023,0,0.0027,0.0002,0.0002,0,163.435,119.092,119.094,--,--,0.209,0.191,0.051,835.255,0.033,0.004,837.231,--,0,170666,91464429,28058287,251607,1297130,0,5738280,0,1057969,-1538,120749813,7287017,7035410,93988656,34048174,0,0.001,0.714,0.219,0.002,0.01,0,0.045,0,0.008,0,0.943,0.057,0.055,0.734,0.266,0,3537,44355180,0,0,842029,0,0,0,0,0,0,0,0.981,0,0,0.019,0,0,0,0,0
2021,Gainesville Regional Utilities,GVL,793,23868297,11226521,23894172,11238126,1929969,914924,1897,841,615,1186680,677676,89553,1208494,--,1.966,1.839,0.637,1229.74,0.351,0.046,1252.346,--,0.159,0.15,0.052,99.436,0.028,0.004,101.264,--,1.969,1.842,0.638,1231.607,0.352,0.046,1254.247,--,2.977,0,1.326,2.413,2.865,0,1.178,2.202,1.362,0,0.006,0.899,1857.945,0,999.939,1564.572,0.127,0,0.019,0.0901,0.0177,0,0.0019,0.0123,1866.392,0,1000.973,1570.484,--,--,0.241,0,0.157,0.219,0.229,0,0.134,0.199,0.11,0,0.001,0.082,150.494,0,118.746,142.187,0.0103,0,0.0022,0.0082,0.0014,0,0.0002,0.0011,151.178,0,118.869,142.724,--,--,2.14,1.969,0.801,1428.777,0.213,0.028,1442.576,--,306946,6144,1018706,0,0,595248,0,2926,0,0,0,1331795,598174,598174,1927043,2926,0.159,0.003,0.528,0,0,0.308,0,0.002,0,0,0,0.69,0.31,0.31,0.998,0.002,857642,0,407078,0,0,212054,0,0,0,0,0,0.581,0,0.276,0,0,0.144,0,0,0,0,0
2021,Gridforce Energy Management LLC,GRID,689,31740606,12571460,31740606,12571460,4341072,1713631,243,96,10,1886300,68728,6873,1888184,--,0.112,0.112,0.004,869.048,0.016,0.002,869.916,--,0.015,0.015,0.001,118.857,0.002,0,118.976,--,0.112,0.112,0.004,869.048,0.016,0.002,869.916,--,0,0,0.112,0.112,0,0,0.112,0.112,0,0,0.004,0.004,0,0,869.048,869.048,0,0,0.016,0.0158,0,0,0.0016,0.0016,0,0,869.916,869.916,--,--,0,0,0.015,0.015,0,0,0.015,0.015,0,0,0.001,0.001,0,0,118.857,118.857,0,0,0.0022,0.0022,0,0,0.0002,0.0002,0,0,118.976,118.976,--,--,0.112,0.112,0.004,869.048,0.016,0.002,869.916,--,0,0,4341072,0,0,0,0,0,0,0,0,4341072,0,0,4341072,0,0,0,1,0,0,0,0,0,0,0,0,1,0,0,1,0,0,0,587330,0,0,0,0,0,0,0,0,0,0,1,0,0,0,0,0,0,0,0
2021,Gridforce South,GRIS,324,0,0,11623609,4382165,1314442,495552,0,0,0,0,0,0,0,--,0,0,0,0,0,0,0,--,0,0,0,0,0,0,0,--,,,,,,,,--,0,0,0,0,0,0,0,0,0,0,0,0,0,0,0,0,0,0,0,0,0,0,0,0,0,0,0,0,--,--,0,0,0,0,0,0,0,0,0,0,0,0,0,0,0,0,0,0,0,0,0,0,0,0,0,0,0,0,--,--,0,0,0,0,0,0,0,--,0,0,0,0,0,0,1314442,0,0,0,0,0,1314442,1314442,0,1314442,0,0,0,0,0,0,1,0,0,0,0,0,1,1,0,1,0,0,0,0,0,0,0,0,0,0,0,0,0,0,0,0,0,0,0,0,0,0
2021,GridLiance,GLHB,1401,57164106,27577006,57164106,27577006,5128019,2468097,3394,1595,13231,5950015,1392539,202362,5997573,--,1.324,1.293,5.16,2320.59,0.272,0.039,2339.138,--,0.119,0.116,0.463,208.173,0.024,0.004,209.837,--,1.324,1.293,5.16,2320.59,0.272,0.039,2339.138,--,1.319,0,1.715,1.324,1.285,0,1.714,1.293,5.223,0,0.009,5.16,2326.025,0,1872.099,2320.59,0.275,0,0.032,0.2716,0.0399,0,0.0032,0.0395,2344.777,0,1873.847,2339.138,--,--,0.119,0,0.109,0.119,0.116,0,0.109,0.116,0.471,0,0.001,0.463,209.71,0,118.86,208.173,0.0247,0,0.002,0.0244,0.0036,0,0.0002,0.0035,211.401,0,118.971,209.837,--,--,1.329,1.302,5.088,2314.295,0.268,0.039,2332.607,--,5001126,0,126893,0,0,0,0,0,0,0,0,5128019,0,0,5128019,0,0.975,0,0.025,0,0,0,0,0,0,0,0,1,0,0,1,0,2314630,0,61403,0,0,0,0,0,0,0,0,0.974,0,0.026,0,0,0,0,0,0,0,0
2021,Griffith Energy LLC,GRIF,655,24837800,10141457,24837800,10141457,3449007,1384964,120,50,7,1476076,54902,5490,1477580,--,0.07,0.072,0.004,855.942,0.016,0.002,856.815,--,0.01,0.01,0.001,118.857,0.002,0,118.978,--,0.07,0.072,0.004,855.942,0.016,0.002,856.815,--,0,0,0.07,0.07,0,0,0.072,0.072,0,0,0.004,0.004,0,0,855.942,855.942,0,0,0.016,0.0159,0,0,0.0016,0.0016,0,0,856.815,856.815,--,--,0,0,0.01,0.01,0,0,0.01,0.01,0,0,0.001,0.001,0,0,118.857,118.857,0,0,0.0022,0.0022,0,0,0.0002,0.0002,0,0,118.978,118.978,--,--,0.07,0.072,0.004,855.942,0.016,0.002,856.815,--,0,0,3449007,0,0,0,0,0,0,0,0,3449007,0,0,3449007,0,0,0,1,0,0,0,0,0,0,0,0,1,0,0,1,0,0,0,1143330,0,0,0,0,0,0,0,0,0,0,1,0,0,0,0,0,0,0,0
2021,Hawaiian Electric Co Inc,HECO,2247,63529513,27156651,70015115,30129249,6520693,2835620,12574,5402,21357,5291712,1106752,169621,5330820,--,3.857,3.81,6.55,1623.052,0.17,0.026,1635.047,--,0.396,0.398,0.672,166.591,0.017,0.003,167.822,--,4.345,4.293,7.381,1828.74,0.191,0.029,1842.255,--,2.825,4.56,0,4.204,2.779,4.588,0,4.214,5.228,8.578,0,7.892,2393.72,1665.069,0,1814.469,0.286,0.068,0,0.1123,0.0414,0.0135,0,0.0192,2413.186,1670.788,0,1823.007,--,--,0.252,0.447,0,0.404,0.249,0.453,0,0.408,0.467,0.841,0,0.758,213.892,163.184,0,174.366,0.0255,0.0066,0,0.0108,0.0037,0.0013,0,0.0018,215.632,163.745,0,175.186,--,--,4.472,4.451,7.796,1784.006,0.172,0.027,1796.311,--,1084555,4317463,0,0,629,186724,368642,364146,0,198725,-190,5600553,920141,919512,5787276,733417,0.166,0.662,0,0,0,0.029,0.057,0.056,0,0.03,0,0.859,0.141,0.141,0.888,0.112,327427,3078536,0,0,0,258084,0,0,0,0,0,0.089,0.84,0,0,0,0.07,0,0,0,0,0
2021,Idaho Power Company,IPCO,3923,23970363,12905550,103060690,47273582,11892137,5449190,1011,475,45,1375775,59641,6242,1377451,--,0.17,0.174,0.008,231.376,0.005,0.001,231.657,--,0.084,0.074,0.004,114.79,0.002,0,114.929,--,0.671,0.689,0.03,914.072,0.02,0.002,915.185,--,0,38,0.253,0.253,0,37.25,0.274,0.275,0,3.462,0.024,0.024,0,1953.692,964.613,964.622,0,0.079,0.019,0.0187,0,0.0158,0.0019,0.0019,0,1960.385,965.65,965.659,--,--,0,3.177,0.031,0.031,0,3.17,0.033,0.033,0,0.289,0.003,0.003,0,163.331,119.178,119.178,0,0.0066,0.0023,0.0023,0,0.0013,0.0002,0.0002,0,163.891,119.306,119.307,--,--,1.005,0.853,0.037,1088.054,0.025,0.003,1089.502,--,16115,26,2836323,0,5928404,95838,2040457,730222,182841,0,61911,2914375,8977762,3049358,3010213,8881924,0.001,0,0.239,0,0.499,0.008,0.172,0.061,0.015,0,0.005,0.245,0.755,0.256,0.253,0.747,0,26,1199759,0,0,33951,0,0,0,0,0,0,0,0.972,0,0,0.028,0,0,0,0,0
2021,Imperial Irrigation District,IID,2017,14520878,8302341,55262428,26651177,5986077,2900782,353,175,68,906151,371333,48098,917960,--,0.118,0.12,0.023,302.753,0.062,0.008,306.698,--,0.049,0.042,0.009,124.807,0.026,0.003,126.433,--,0.512,0.523,0.099,1314.342,0.269,0.035,1331.47,--,0,0,0.228,0.228,0,0,0.227,0.227,0,0,0.01,0.01,0,0,1057.939,1057.939,0,0,0.02,0.0197,0,0,0.002,0.002,0,0,1059.023,1059.023,--,--,0,0,0.026,0.026,0,0,0.025,0.025,0,0,0.001,0.001,0,0,118.92,118.92,0,0,0.0022,0.0022,0,0,0.0002,0.0002,0,0,119.042,119.042,--,--,0.335,0.297,0.044,973.681,0.112,0.014,980.729,--,0,1876,1073186,0,227230,306010,0,927775,3452205,269,-2474,1072857,4913220,4685990,1378867,4607210,0,0,0.179,0,0.038,0.051,0,0.155,0.576,0,0,0.179,0.821,0.782,0.23,0.77,0,0,940569,0,0,85209,0,0,0,0,0,0,0,0.917,0,0,0.083,0,0,0,0,0
2021,ISO New England Inc.,ISNE,39711,506313670,234504687,618348103,275871485,102514116,45972723,16729,7248,4479,27773977,7444000,963982,28010644,--,0.326,0.315,0.087,541.857,0.073,0.009,546.474,--,0.066,0.062,0.018,109.711,0.015,0.002,110.645,--,0.527,0.509,0.141,874.219,0.117,0.015,881.668,--,2.535,5.839,0.203,0.231,3.68,4.098,0.199,0.22,1.387,3.067,0.02,0.035,2293.733,2204.389,848.838,859.914,0.277,0.07,0.017,0.0186,0.0403,0.0125,0.0018,0.002,2312.687,2209.853,849.801,860.98,--,--,0.227,0.383,0.029,0.032,0.271,0.255,0.028,0.031,0.124,0.201,0.003,0.005,204.931,144.532,119.551,120.375,0.0248,0.0046,0.0024,0.0026,0.0036,0.0008,0.0003,0.0003,206.625,144.89,119.687,120.524,--,--,0.41,0.36,0.121,903.997,0.073,0.009,908.607,--,578807,243491,55891636,27072626,5779264,5107505,3664256,2457857,0,1720734,-2061,85505233,17008882,11229619,63540112,38974003,0.006,0.002,0.545,0.264,0.056,0.05,0.036,0.024,0,0.017,0,0.834,0.166,0.11,0.62,0.38,285553,159495,26710938,0,0,1668212,0,0,0,0,0,0.01,0.006,0.927,0,0,0.058,0,0,0,0,0
2021,JEA,JEA,3199,89501105,41048242,90032603,41286588,10502765,4746940,2920,1367,2221,5853340,479166,71599,5869997,--,0.556,0.576,0.423,1114.628,0.046,0.007,1117.8,--,0.065,0.067,0.05,130.799,0.005,0.001,131.172,--,0.559,0.579,0.425,1121.044,0.046,0.007,1124.234,--,0,0,0.553,0.553,0,0,0.574,0.574,0,0,0.432,0.432,0,0,1148.67,1148.67,0,0,0.042,0.0424,0,0,0.0064,0.0064,0,0,1151.639,1151.639,--,--,0,0,0.064,0.064,0,0,0.066,0.066,0,0,0.05,0.05,0,0,133.231,133.231,0,0,0.0049,0.0049,0,0,0.0007,0.0007,0,0,133.575,133.575,--,--,0.813,0.832,0.603,1519.533,0.061,0.009,1523.703,--,615783,833462,8301623,0,0,689586,0,60104,0,2228,-21,9753075,749690,749690,10442661,60104,0.059,0.079,0.79,0,0,0.066,0,0.006,0,0,0,0.929,0.071,0.071,0.994,0.006,0,0,4638153,0,0,82802,0,0,0,0,0,0,0,0.982,0,0,0.018,0,0,0,0,0
2021,LG&E and KU Services Company as agent for Louisville Gas and Electric Company and Kentucky Utilities,LGEE,9985,322516683,145394813,325772880,146760312,33495568,14930827,14432,6040,17509,31128742,6927105,1002815,31364750,--,0.862,0.809,1.045,1858.678,0.207,0.03,1872.77,--,0.089,0.083,0.109,193.036,0.021,0.003,194.5,--,0.871,0.818,1.057,1879.338,0.209,0.03,1893.587,--,0.981,37.244,0.248,0.871,0.908,37.521,0.254,0.817,1.243,3.479,0.004,1.057,2059.616,1954.407,854.939,1878.617,0.243,0.079,0.016,0.209,0.0353,0.0158,0.0016,0.0303,2076.225,1961.086,855.797,1892.86,--,--,0.096,3.112,0.034,0.09,0.089,3.103,0.034,0.083,0.122,0.291,0.001,0.109,202.338,163.325,118.861,193.067,0.0239,0.0066,0.0022,0.0215,0.0035,0.0013,0.0002,0.0031,203.97,163.883,118.981,194.531,--,--,0.864,0.801,1.034,1966.878,0.223,0.032,1982.106,--,27099852,12878,6010803,0,351696,3812,0,16527,0,0,0,33123533,372035,20339,33127345,368223,0.809,0,0.179,0,0.01,0,0,0,0,0,0,0.989,0.011,0.001,0.989,0.011,15509446,43,1240147,0,0,3700,0,0,0,0,0,0.926,0,0.074,0,0,0,0,0,0,0,0
2021,Los Angeles Department of Water and Power,LDWP,10143,137810223,72242259,169805131,87240074,19746847,10242473,11990,6591,2441,11270932,1968679,280033,11337265,--,1.214,1.287,0.247,1141.542,0.1,0.014,1148.261,--,0.174,0.182,0.035,163.572,0.014,0.002,164.534,--,1.48,1.568,0.301,1390.74,0.121,0.017,1398.925,--,2.805,0,0.197,1.504,2.874,0,0.18,1.553,0.637,0,0.006,0.322,2005.67,0,896.931,1452.286,0.241,0,0.017,0.1292,0.0351,0,0.0017,0.0184,2022.155,0,897.858,1461.006,--,--,0.287,0,0.026,0.172,0.306,0,0.023,0.182,0.065,0,0.001,0.037,205.2,0,116.929,166.464,0.0247,0,0.0022,0.0148,0.0036,0,0.0002,0.0021,206.887,0,117.05,167.463,--,--,1.018,1.047,0.209,1243.692,0.089,0.012,1249.639,--,7561198,19388,7812885,0,229082,88871,830721,2478509,0,564207,161987,16119665,3627183,3398101,16208536,3538312,0.383,0.001,0.396,0,0.012,0.005,0.042,0.126,0,0.029,0.008,0.816,0.184,0.172,0.821,0.179,3440818,0,6804777,0,0,75629,0,0,0,0,0,0.333,0,0.659,0,0,0.007,0,0,0,0,0
2021,Midcontinent Independent Transmission System Operator Inc..,MISO,202809,4328343797,2046002320,5193658610,2356429473,662689787,294393984,248206,113459,345607,377127535,69638212,10042292,379491485,--,0.749,0.771,1.043,1138.172,0.105,0.015,1145.307,--,0.115,0.111,0.16,174.26,0.016,0.002,175.352,--,1.054,1.085,1.468,1602.079,0.148,0.021,1612.121,--,1.305,1.73,0.668,1.038,1.25,1.66,0.695,1.025,2.476,8.511,0.03,1.484,2191.611,1360.159,907.526,1643.505,0.244,0.195,0.017,0.1471,0.0355,0.0299,0.0018,0.0211,2208.278,1372.352,908.508,1653.472,--,--,0.124,0.267,0.087,0.112,0.119,0.257,0.088,0.109,0.236,1.313,0.004,0.16,209.015,209.763,118.443,177.73,0.0232,0.03,0.0023,0.0159,0.0034,0.0046,0.0002,0.0023,210.604,211.643,118.571,178.808,--,--,1.141,1.132,1.445,1590.903,0.138,0.02,1600.226,--,251491615,5840219,197562893,95694851,9456438,8596636,82446127,4294662,0,5946649,1359697,557895925,104793864,95337425,470797710,191892079,0.38,0.009,0.298,0.144,0.014,0.013,0.124,0.006,0,0.009,0.002,0.842,0.158,0.144,0.71,0.29,112962132,3340370,106200019,0,0,3385821,0,0,0,414014,0,0.499,0.015,0.469,0,0,0.015,0,0,0,0.002,0
2021,NaturEner Power Watch LLC (GWA),GWA,210,0,0,4860566,1651325,549651,186738,0,0,0,0,0,0,0,--,0,0,0,0,0,0,0,--,0,0,0,0,0,0,0,--,,,,,,,,--,0,0,0,0,0,0,0,0,0,0,0,0,0,0,0,0,0,0,0,0,0,0,0,0,0,0,0,0,--,--,0,0,0,0,0,0,0,0,0,0,0,0,0,0,0,0,0,0,0,0,0,0,0,0,0,0,0,0,--,--,0,0,0,0,0,0,0,--,0,0,0,0,0,0,549651,0,0,0,0,0,549651,549651,0,549651,0,0,0,0,0,0,1,0,0,0,0,0,1,1,0,1,0,0,0,0,0,0,0,0,0,0,0,0,0,0,0,0,0,0,0,0,0,0
2021,NaturEner Wind Watch LLC,WWA,189,0,0,5703292,1912271,644950,216247,0,0,0,0,0,0,0,--,0,0,0,0,0,0,0,--,0,0,0,0,0,0,0,--,,,,,,,,--,0,0,0,0,0,0,0,0,0,0,0,0,0,0,0,0,0,0,0,0,0,0,0,0,0,0,0,0,--,--,0,0,0,0,0,0,0,0,0,0,0,0,0,0,0,0,0,0,0,0,0,0,0,0,0,0,0,0,--,--,0,0,0,0,0,0,0,--,0,0,0,0,0,0,644950,0,0,0,0,0,644950,644950,0,644950,0,0,0,0,0,0,1,0,0,0,0,0,1,1,0,1,0,0,0,0,0,0,0,0,0,0,0,0,0,0,0,0,0,0,0,0,0,0
2021,Nevada Power Company,NEVP,11715,218975950,107440703,289252116,141036750,36107673,17621881,10292,5740,2671,14403719,1163015,149726,14440565,--,0.57,0.651,0.148,797.82,0.032,0.004,799.861,--,0.094,0.107,0.024,131.555,0.005,0.001,131.892,--,0.736,0.841,0.191,1029.997,0.042,0.005,1032.632,--,1.975,0,0.6,0.735,2.114,0,0.676,0.832,1.869,0,0.006,0.19,2389.446,0,878.697,1027.698,0.266,0,0.017,0.0416,0.0387,0,0.0017,0.0053,2407.637,0,879.627,1030.331,--,--,0.173,0,0.081,0.094,0.186,0,0.092,0.107,0.164,0,0.001,0.024,209.649,0,118.665,131.779,0.0233,0,0.0023,0.0053,0.0034,0,0.0002,0.0007,211.245,0,118.791,132.117,--,--,0.81,0.913,0.261,1040.197,0.046,0.006,1043.109,--,2752473,8014,25130654,0,44754,49964,339944,4327194,3427318,0,27358,27918499,8189174,8144420,27968463,8139210,0.076,0,0.696,0,0.001,0.001,0.009,0.12,0.095,0,0.001,0.773,0.227,0.226,0.775,0.225,1737783,0,13922016,0,0,25841,0,0,0,0,0,0.111,0,0.888,0,0,0.002,0,0,0,0,0
2021,New Brunswick System Operator,NBSO,134,2667093,1100723,4231291,1605310,554826,220303,136,52,346,22036,26000,7817,23526,--,0.49,0.471,1.248,79.434,0.047,0.014,84.804,--,0.102,0.094,0.26,16.524,0.01,0.003,17.642,--,0.72,0.691,1.832,116.611,0.069,0.021,124.494,--,0,0,0,0,0,0,0,0,0,0,0,0,0,0,0,0,0,0,0,0,0,0,0,0,0,0,0,0,--,--,0,0,0,0,0,0,0,0,0,0,0,0,0,0,0,0,0,0,0,0,0,0,0,0,0,0,0,0,--,--,0.8,0.743,2.035,129.509,0.076,0.023,138.264,--,0,0,59037,0,60982,221114,115903,0,0,0,97790,156827,397999,337017,377941,176885,0,0,0.106,0,0.11,0.399,0.209,0,0,0,0.176,0.283,0.717,0.607,0.681,0.319,0,0,0,0,0,131145,0,0,0,0,0,0,0,0,0,0,1,0,0,0,0,0
2021,New Harquahala Generating Company LLC - HGBA,HGMA,1277,15869169,15004593,15869169,15004593,2238544,2120785,74,70,5,943078,35274,3527,944044,--,0.066,0.066,0.004,842.582,0.016,0.002,843.445,--,0.009,0.009,0.001,118.857,0.002,0,118.978,--,0.066,0.066,0.004,842.582,0.016,0.002,843.445,--,0,0,0.066,0.066,0,0,0.066,0.066,0,0,0.004,0.004,0,0,842.582,842.582,0,0,0.016,0.0158,0,0,0.0016,0.0016,0,0,843.445,843.445,--,--,0,0,0.009,0.009,0,0,0.009,0.009,0,0,0.001,0.001,0,0,118.857,118.857,0,0,0.0022,0.0022,0,0,0.0002,0.0002,0,0,118.978,118.978,--,--,0.066,0.066,0.004,842.582,0.016,0.002,843.445,--,0,0,2238544,0,0,0,0,0,0,0,0,2238544,0,0,2238544,0,0,0,1,0,0,0,0,0,0,0,0,1,0,0,1,0,0,0,2238189,0,0,0,0,0,0,0,0,0,0,1,0,0,0,0,0,0,0,0
2021,New York Independent System Operator,NYIS,45521,526048717,259548079,829997929,382315200,129942346,57188679,13408,6668,2378,30465219,3435541,425147,30571510,--,0.206,0.233,0.037,468.904,0.026,0.003,470.54,--,0.051,0.051,0.009,115.827,0.007,0.001,116.231,--,0.411,0.465,0.073,934.372,0.053,0.007,937.632,--,0,3.106,0.28,0.304,0,3.427,0.296,0.324,0,0.752,0.048,0.054,0,1242.812,921.233,923.935,0,0.048,0.018,0.0179,0,0.0108,0.0019,0.0019,0,1247.238,922.231,924.962,--,--,0,0.316,0.036,0.039,0,0.279,0.037,0.041,0,0.077,0.006,0.007,0,126.521,119.189,119.267,0,0.0049,0.0023,0.0023,0,0.0011,0.0002,0.0003,0,126.971,119.318,119.4,--,--,0.48,0.495,0.096,996.844,0.034,0.004,998.871,--,0,700604,61643449,31176583,28374339,1903311,4156369,1025030,0,975693,-13033,94483296,35459049,7084710,65210024,64732321,0,0.005,0.474,0.24,0.218,0.015,0.032,0.008,0,0.008,0,0.727,0.273,0.055,0.502,0.498,0,412945,31407114,0,0,530526,0,0,0,0,0,0,0.013,0.971,0,0,0.016,0,0,0,0,0
2021,No balancing authority,NA,9363,231295197,100277477,256085585,110892971,25771070,11240397,57337,23942,35951,18230062,2373856,365042,18314127,--,4.45,4.26,2.79,1414.77,0.092,0.014,1421.293,--,0.496,0.478,0.311,157.635,0.01,0.002,158.361,--,4.993,4.78,3.131,1587.454,0.103,0.016,1594.774,--,2.391,6.461,4.199,4.991,2.369,6,4.152,4.767,2.383,5.337,0.301,3.134,2228.042,1661.826,1144.534,1587.975,0.26,0.098,0.022,0.1013,0.0379,0.0167,0.0024,0.0156,2245.83,1669.258,1145.816,1595.164,--,--,0.222,0.634,0.443,0.496,0.22,0.593,0.436,0.477,0.222,0.524,0.032,0.312,207.22,163.042,120.662,157.944,0.0242,0.0097,0.0023,0.0101,0.0035,0.0016,0.0003,0.0016,208.874,163.771,120.797,158.659,--,--,5.881,5.54,3.989,1604.68,0.085,0.014,1610.977,--,4010162,9648378,9222406,0,1626867,95914,545429,447704,183391,0,-9181,22871766,2899305,1272438,22967679,2803391,0.156,0.374,0.358,0,0.063,0.004,0.021,0.017,0.007,0,0,0.887,0.113,0.049,0.891,0.109,797939,9209379,3733022,0,0,21176,0,0,0,0,0,0.058,0.669,0.271,0,0,0.002,0,0,0,0,0
2021,NorthWestern Energy (NWMT),NWMT,3311,125236710,50069944,166589390,67141930,16343287,6484410,10394,4188,13364,12873321,2890583,421302,12972228,--,1.272,1.292,1.635,1575.365,0.177,0.026,1587.469,--,0.166,0.167,0.213,205.584,0.023,0.003,207.163,--,1.782,1.809,2.291,2206.798,0.248,0.036,2223.753,--,1.578,1.439,7.746,1.78,1.557,1.379,8.465,1.837,1.764,16.713,0.092,2.291,2253.523,1824.533,1321.209,2205.532,0.264,0.053,0.026,0.2478,0.0384,0.0105,0.0027,0.0361,2271.565,1828.964,1322.674,2222.487,--,--,0.146,0.178,0.697,0.166,0.14,0.172,0.763,0.167,0.163,2.067,0.008,0.214,208.288,225.648,118.895,205.692,0.0244,0.0065,0.0024,0.0231,0.0035,0.0013,0.0002,0.0034,209.956,226.196,119.027,207.274,--,--,2.415,2.696,1.007,2159.133,0.227,0.033,2174.604,--,10812569,451195,390187,0,3132421,0,1510461,33436,0,13018,0,11666969,4676318,1543897,11666969,4676318,0.662,0.028,0.024,0,0.192,0,0.092,0.002,0,0.001,0,0.714,0.286,0.094,0.714,0.286,2039832,28995,381091,0,0,0,0,0,0,0,0,0.833,0.012,0.156,0,0,0,0,0,0,0,0
2021,PacifiCorp - East,PACE,16698,501410282,232005779,624363421,276753652,63188587,27807811,41805,18891,29393,47822902,9758468,1410203,48155003,--,1.323,1.359,0.93,1513.656,0.154,0.022,1524.168,--,0.167,0.163,0.117,190.754,0.019,0.003,192.078,--,1.691,1.736,1.189,1934.33,0.197,0.029,1947.763,--,2.092,25.702,0.416,1.699,2.053,25.652,0.405,1.663,1.559,2.201,0.007,1.193,2270.496,1239.204,895.351,1946.562,0.255,0.05,0.017,0.1988,0.0371,0.01,0.0017,0.0287,2287.908,1243.449,896.271,1960.09,--,--,0.19,3.388,0.055,0.167,0.187,3.388,0.052,0.163,0.142,0.29,0.001,0.117,206.604,163.326,118.618,191.244,0.0232,0.0066,0.0022,0.0195,0.0034,0.0013,0.0002,0.0028,208.188,163.885,118.739,192.573,--,--,1.571,1.528,1.182,1915.974,0.19,0.027,1928.876,--,37021203,40682,11692548,0,610360,80752,9056225,3655856,419662,365441,245858,49365732,13822855,13212495,49446484,13742103,0.586,0.001,0.185,0,0.01,0.001,0.143,0.058,0.007,0.006,0.004,0.781,0.219,0.209,0.783,0.217,14280766,1546,5536528,0,0,4247,0,0,0,14156,0,0.72,0,0.279,0,0,0,0,0,0,0.001,0
2021,PacifiCorp - West,PACW,2807,27116836,12131364,73348638,32067877,8593630,3788337,1029,392,82,1266022,412124,52636,1279016,--,0.24,0.207,0.019,294.642,0.048,0.006,297.666,--,0.076,0.065,0.006,93.375,0.015,0.002,94.334,--,0.612,0.528,0.049,752.339,0.122,0.016,760.061,--,0,0,0.293,0.293,0,0,0.269,0.269,0,0,0.005,0.005,0,0,884.724,884.724,0,0,0.016,0.0163,0,0,0.0016,0.0016,0,0,885.616,885.616,--,--,0,0,0.039,0.039,0,0,0.036,0.036,0,0,0.001,0.001,0,0,118.841,118.841,0,0,0.0022,0.0022,0,0,0.0002,0.0002,0,0,118.961,118.961,--,--,0.504,0.419,0.049,727.062,0.133,0.017,735.486,--,0,0,2862150,0,2992786,503413,1376058,859223,0,0,0,2862150,5731480,2738694,3365563,5228067,0,0,0.333,0,0.348,0.059,0.16,0.1,0,0,0,0.333,0.667,0.319,0.392,0.608,0,0,1323182,0,0,295647,0,0,0,0,0,0,0,0.817,0,0,0.183,0,0,0,0,0
2021,PJM Interconnection LLC,PJM,223504,4347083705,2028628122,4770376565,2184272028,826024686,365333867,152721,64845,202444,335925163,56755841,7967694,337782943,--,0.37,0.355,0.49,813.354,0.069,0.01,817.852,--,0.07,0.064,0.093,154.552,0.013,0.002,155.407,--,0.601,0.577,0.796,1320.996,0.112,0.016,1328.302,--,1.236,2.965,0.179,0.569,1.051,2.565,0.186,0.524,2.145,2.429,0.016,0.787,2139.476,2150.315,877.121,1333.989,0.249,0.058,0.017,0.1002,0.0363,0.0102,0.0018,0.0141,2156.507,2154.783,878.068,1340.695,--,--,0.119,0.228,0.024,0.067,0.1,0.2,0.025,0.061,0.206,0.187,0.002,0.093,205.196,165.117,119.498,157.563,0.0239,0.0044,0.0023,0.0118,0.0035,0.0008,0.0002,0.0017,206.83,165.46,119.627,158.355,--,--,0.841,0.782,0.988,1537.506,0.139,0.02,1546.643,--,175100114,1975091,319030679,271692507,8440569,8196023,27502048,9795916,0,4329492,-37752,772090130,53934556,45493987,508593646,317431040,0.212,0.002,0.386,0.329,0.01,0.01,0.033,0.012,0,0.005,0,0.935,0.065,0.055,0.616,0.384,93095455,1372623,101109465,0,0,3589932,0,0,0,136081,0,0.467,0.007,0.507,0,0,0.018,0,0,0,0.001,0
2021,Portland General Electric Company,PGE,3676,80574765,34069881,113384063,48823284,13133628,5651332,10586,4486,52,4754938,265721,30132,4762749,--,1.612,1.588,0.008,724.086,0.02,0.002,725.275,--,0.263,0.263,0.001,118.025,0.003,0,118.219,--,2.247,2.212,0.011,1009.066,0.028,0.003,1010.724,--,0,0,2.125,2.125,0,0,2.131,2.131,0,0,0.01,0.01,0,0,998.992,998.992,0,0,0.016,0.0162,0,0,0.0016,0.0016,0,0,999.88,999.88,--,--,0,0,0.252,0.252,0,0,0.253,0.253,0,0,0.001,0.001,0,0,118.465,118.465,0,0,0.0019,0.0019,0,0,0.0002,0.0002,0,0,118.571,118.571,--,--,4.566,4.19,0.015,1071.178,0.033,0.004,1073.152,--,0,208,9341532,0,1504317,47223,1982311,222570,0,35743,-276,9377207,3756421,2252104,9424430,3709198,0,0,0.711,0,0.115,0.004,0.151,0.017,0,0.003,0,0.714,0.286,0.171,0.718,0.282,0,0,2836734,0,0,27101,0,0,0,0,0,0,0,0.991,0,0,0.009,0,0,0,0,0
2021,PowerSouth Energy Cooperative,AEC,1343,35527200,16979915,35750113,17072230,4636140,2185910,357,170,19,2083443,81140,8123,2085668,--,0.154,0.156,0.008,898.784,0.018,0.002,899.743,--,0.02,0.02,0.001,117.287,0.002,0,117.412,--,0.155,0.157,0.008,903.697,0.018,0.002,904.662,--,0,0,0.156,0.156,0,0,0.158,0.158,0,0,0.005,0.005,0,0,911.304,911.304,0,0,0.018,0.0177,0,0,0.0018,0.0018,0,0,912.277,912.277,--,--,0,0,0.02,0.02,0,0,0.02,0.02,0,0,0.001,0.001,0,0,118.867,118.867,0,0,0.0023,0.0023,0,0,0.0002,0.0002,0,0,118.994,118.994,--,--,0.294,0.288,0.005,1072.111,0.021,0.002,1073.248,--,0,1504,4570939,0,25208,38489,0,0,0,0,0,4572443,63697,38489,4610932,25208,0,0,0.986,0,0.005,0.008,0,0,0,0,0,0.986,0.014,0.008,0.995,0.005,0,0,1252123,0,0,0,0,0,0,0,0,0,0,1,0,0,0,0,0,0,0,0
2021,Public Service Company of Colorado,PSCO,13616,173020000,82132673,307306094,135989282,32979088,14628465,4910,2341,3847,13677839,2129076,299192,13749032,--,0.298,0.32,0.233,829.486,0.065,0.009,833.803,--,0.057,0.057,0.044,158.107,0.012,0.002,158.93,--,0.553,0.594,0.433,1540.079,0.12,0.017,1548.095,--,0.732,91.465,0.397,0.538,0.748,91.344,0.4,0.537,1.051,7.969,0.007,0.435,2302.046,4488.635,1034.066,1553.372,0.255,0.182,0.019,0.1157,0.0371,0.0364,0.0019,0.0163,2319.462,4504.016,1035.121,1561.126,--,--,0.065,3.328,0.046,0.055,0.067,3.328,0.046,0.056,0.094,0.29,0.001,0.045,205.484,163.326,118.904,159.753,0.0228,0.0066,0.0022,0.0119,0.0033,0.0013,0.0002,0.0017,207.038,163.885,119.025,160.55,--,--,0.559,0.557,0.276,1377.957,0.084,0.012,1383.516,--,7004232,15500,10591079,0,181566,151773,13706790,1328212,0,0,-64,17610747,15368341,15186775,17762520,15216568,0.212,0,0.321,0,0.006,0.005,0.416,0.04,0,0,0,0.534,0.466,0.46,0.539,0.461,3443639,1087,8590774,0,0,33672,0,0,0,0,0,0.285,0,0.712,0,0,0.003,0,0,0,0,0
2021,Public Service Company of New Mexico,PNM,5619,95143583,44534035,144973955,61941036,14640765,6237912,7623,3296,968,8299206,1378549,197374,8345847,--,1.041,1.057,0.132,1133.712,0.094,0.013,1140.083,--,0.16,0.148,0.02,174.456,0.014,0.002,175.437,--,1.693,1.718,0.215,1843.089,0.153,0.022,1853.447,--,2.789,0,0.476,1.708,2.822,0,0.488,1.556,0.394,0,0.006,0.213,2638.236,0,971.981,1859.41,0.275,0,0.017,0.1544,0.04,0,0.0017,0.0221,2657.025,0,972.928,1869.859,--,--,0.222,0,0.058,0.162,0.222,0,0.058,0.15,0.031,0,0.001,0.02,209.741,0,118.602,176.586,0.0219,0,0.0021,0.0147,0.0032,0,0.0002,0.0021,211.234,0,118.717,177.578,--,--,1.528,1.354,0.17,1670.054,0.126,0.018,1678.536,--,4731201,30813,4156694,0,0,87395,4666340,917733,50934,0,-346,8918363,5722402,5722402,9005758,5635007,0.323,0.002,0.284,0,0,0.006,0.319,0.063,0.003,0,0,0.609,0.391,0.391,0.615,0.385,1684879,0,2314101,0,0,9143,0,0,0,0,0,0.42,0,0.577,0,0,0.002,0,0,0,0,0
2021,Public Utility District No. 1 of Chelan County,CHPD,1988,0,0,75318040,32302996,8517250,3652945,0,0,0,0,0,0,0,--,0,0,0,0,0,0,0,--,0,0,0,0,0,0,0,--,,,,,,,,--,0,0,0,0,0,0,0,0,0,0,0,0,0,0,0,0,0,0,0,0,0,0,0,0,0,0,0,0,--,--,0,0,0,0,0,0,0,0,0,0,0,0,0,0,0,0,0,0,0,0,0,0,0,0,0,0,0,0,--,--,0,0,0,0,0,0,0,--,0,0,0,0,8517250,0,0,0,0,0,0,0,8517250,0,0,8517250,0,0,0,0,1,0,0,0,0,0,0,0,1,0,0,1,0,0,0,0,0,0,0,0,0,0,0,0,0,0,0,0,0,0,0,0,0,0
2021,Public Utility District No. 2 of Grant County Washington,GCPD,1236,0,0,44191398,18523196,4997331,2094673,0,0,0,0,0,0,0,--,0,0,0,0,0,0,0,--,0,0,0,0,0,0,0,--,,,,,,,,--,0,0,0,0,0,0,0,0,0,0,0,0,0,0,0,0,0,0,0,0,0,0,0,0,0,0,0,0,--,--,0,0,0,0,0,0,0,0,0,0,0,0,0,0,0,0,0,0,0,0,0,0,0,0,0,0,0,0,--,--,0,0,0,0,0,0,0,--,0,0,0,0,4997331,0,0,0,0,0,0,0,4997331,0,0,4997331,0,0,0,0,1,0,0,0,0,0,0,0,1,0,0,1,0,0,0,0,0,0,0,0,0,0,0,0,0,0,0,0,0,0,0,0,0,0
2021,PUD No. 1 of Douglas County,DOPD,774,0,0,36029257,15373786,4074325,1738526,0,0,0,0,0,0,0,--,0,0,0,0,0,0,0,--,0,0,0,0,0,0,0,--,,,,,,,,--,0,0,0,0,0,0,0,0,0,0,0,0,0,0,0,0,0,0,0,0,0,0,0,0,0,0,0,0,--,--,0,0,0,0,0,0,0,0,0,0,0,0,0,0,0,0,0,0,0,0,0,0,0,0,0,0,0,0,--,--,0,0,0,0,0,0,0,--,0,0,0,0,4074325,0,0,0,0,0,0,0,4074325,0,0,4074325,0,0,0,0,1,0,0,0,0,0,0,0,1,0,0,1,0,0,0,0,0,0,0,0,0,0,0,0,0,0,0,0,0,0,0,0,0,0
2021,Puget Sound Energy,PSEI,2966,56157262,26273087,79082700,35177234,10398011,4607667,1436,740,59,3258653,184257,20279,3263978,--,0.276,0.321,0.011,626.784,0.018,0.002,627.808,--,0.051,0.056,0.002,116.055,0.003,0,116.244,--,0.368,0.428,0.015,834.962,0.024,0.003,836.326,--,0,36.286,0.362,0.364,0,45.833,0.409,0.409,0,3.28,0.011,0.011,0,1847.912,856.034,856.103,0,0.075,0.017,0.0165,0,0.015,0.0017,0.0017,0,1854.244,856.941,857.009,--,--,0,3.207,0.05,0.05,0,3.198,0.056,0.056,0,0.29,0.002,0.002,0,163.326,118.645,118.65,0,0.0066,0.0023,0.0023,0,0.0013,0.0002,0.0002,0,163.885,118.77,118.775,--,--,0.499,0.601,0.018,875.827,0.026,0.003,877.297,--,0,5707,7369018,0,1164308,193182,1427703,484,0,237716,-106,7612334,2785677,1621369,7805516,2592495,0,0.001,0.709,0,0.112,0.019,0.137,0,0,0.023,0,0.732,0.268,0.156,0.751,0.249,0,525,2392857,0,0,61803,0,0,0,0,0,0,0,0.975,0,0,0.025,0,0,0,0,0
2021,Salt River Project,SRP,12773,209074284,108050160,219789350,113179396,59870642,28103500,7588,3955,232,14270343,1249142,166805,14310812,--,0.253,0.281,0.008,476.706,0.021,0.003,478.058,--,0.073,0.073,0.002,136.51,0.006,0.001,136.897,--,0.564,0.626,0.017,1060.312,0.046,0.006,1063.319,--,2.026,0,0.352,0.564,2.015,0,0.338,0.567,0.091,0,0.007,0.017,2534.161,0,846.947,1060.175,0.271,0,0.014,0.0464,0.0394,0,0.0014,0.0062,2552.658,0,847.713,1063.181,--,--,0.168,0,0.049,0.073,0.168,0,0.048,0.073,0.007,0,0.001,0.002,209.683,0,118.596,136.51,0.0224,0,0.002,0.006,0.0033,0,0.0002,0.0008,211.214,0,118.703,136.897,--,--,0.507,0.516,0.017,1070.447,0.047,0.006,1073.511,--,3388989,13468,23519499,31629862,208509,0,118509,996503,0,0,-4697,58547121,1323521,1115012,26917259,32953383,0.057,0,0.393,0.528,0.003,0,0.002,0.017,0,0,0,0.978,0.022,0.019,0.45,0.55,1856493,0,12597859,0,0,0,0,0,0,0,0,0.128,0,0.872,0,0,0,0,0,0,0,0
2021,Seattle City Light,SCL,2027,135529,48962,53175092,21872422,6021304,2477948,146,60,0,4191,307,31,4200,--,0.049,0.049,0,1.392,0,0,1.395,--,2.161,2.466,0.005,61.849,0.002,0,61.974,--,12.522,12.545,0.028,358.399,0.013,0.001,359.119,--,0,0,0.887,0.887,0,0,0.629,0.629,0,0,0.019,0.019,0,0,658.4,658.4,0,0,0.013,0.0125,0,0,0.0013,0.0013,0,0,659.084,659.084,--,--,0,0,0.157,0.157,0,0,0.158,0.158,0,0,0.003,0.003,0,0,116.928,116.928,0,0,0.0022,0.0022,0,0,0.0002,0.0002,0,0,117.049,117.049,--,--,11.807,11.275,0.028,376.849,0.013,0.001,377.567,--,0,127,12605,0,5997915,10657,0,0,0,0,0,12732,6008572,10657,23389,5997915,0,0,0.002,0,0.996,0.002,0,0,0,0,0,0.002,0.998,0.002,0.004,0.996,0,0,12732,0,0,9512,0,0,0,0,0,0,0,0.572,0,0,0.428,0,0,0,0,0
2021,Seminole Electric Cooperative,SEC,2284,95837059,46038539,95837059,46038539,10756992,5187144,2425,1146,5063,8518209,1677493,241066,8575097,--,0.451,0.442,0.941,1583.753,0.156,0.022,1594.33,--,0.051,0.05,0.106,177.764,0.018,0.003,178.952,--,0.451,0.442,0.941,1583.753,0.156,0.022,1594.33,--,0.588,0,0.239,0.451,0.553,0,0.251,0.442,1.542,0,0.004,0.942,2054.817,0,852.786,1585.669,0.246,0,0.016,0.1561,0.0358,0,0.0016,0.0224,2071.631,0,853.652,1596.259,--,--,0.059,0,0.033,0.051,0.056,0,0.035,0.05,0.154,0,0.001,0.106,205.2,0,118.857,178.05,0.0246,0,0.0022,0.0175,0.0036,0,0.0002,0.0025,206.879,0,118.978,179.239,--,--,0.463,0.452,0.995,1626.893,0.164,0.024,1638.029,--,6530071,20587,4193333,0,0,13001,0,0,0,0,0,10743991,13001,13001,10756992,0,0.607,0.002,0.39,0,0,0.001,0,0,0,0,0,0.999,0.001,0.001,1,0,3021773,0,1670429,0,0,0,0,0,0,0,0,0.644,0,0.356,0,0,0,0,0,0,0,0
2021,South Carolina Electric & Gas Company,SCEG,7985,142274959,64360148,161211291,73612919,25392957,11899931,5653,2225,1639,10248447,1516203,218761,10299995,--,0.445,0.374,0.129,807.188,0.06,0.009,811.248,--,0.079,0.069,0.023,144.065,0.011,0.002,144.79,--,0.671,0.563,0.195,1216.132,0.09,0.013,1222.249,--,1.641,32.758,0.316,0.667,1.477,33.286,0.253,0.562,0.367,2.909,0.09,0.163,1934.784,1636.97,1016.926,1260.55,0.249,0.066,0.03,0.088,0.0359,0.0133,0.0036,0.0122,1951.69,1642.576,1018.76,1266.385,--,--,0.169,3.268,0.039,0.078,0.148,3.27,0.033,0.068,0.038,0.29,0.011,0.019,199.165,163.326,125.473,147.744,0.0256,0.0066,0.0037,0.0103,0.0037,0.0013,0.0004,0.0014,200.906,163.885,125.7,148.428,--,--,0.756,0.64,0.195,1304.083,0.103,0.015,1311.016,--,4765684,27164,11306135,6552773,128212,746329,0,1857804,0,7596,1260,22660612,2732345,2604133,16854168,8538789,0.188,0.001,0.445,0.258,0.005,0.029,0,0.073,0,0,0,0.892,0.108,0.103,0.664,0.336,3347075,132,7003497,0,0,261273,0,0,0,0,0,0.315,0,0.66,0,0,0.025,0,0,0,0,0
2021,South Carolina Public Service Authority,SC,5530,167946302,78543085,174134080,81202702,16956357,7820264,5381,2472,6572,14601905,3146057,454053,14708884,--,0.635,0.632,0.775,1722.293,0.186,0.027,1734.911,--,0.064,0.063,0.078,173.888,0.019,0.003,175.162,--,0.662,0.659,0.808,1796.426,0.194,0.028,1809.587,--,0.812,-51.955,0.169,0.605,0.803,-28.303,0.114,0.604,1.136,-21.652,0.005,0.77,2319.739,-7070.215,981.325,1885.574,0.252,-0.286,0.018,0.1761,0.0366,-0.0573,0.0018,0.0253,2336.953,-7094.449,982.332,1897.529,--,--,0.072,1.2,0.021,0.059,0.071,1.223,0.014,0.058,0.101,0.5,0.001,0.075,205.2,163.326,118.816,182.75,0.0223,0.0066,0.0022,0.0171,0.0032,0.0013,0.0002,0.0025,206.723,163.886,118.938,183.909,--,--,0.685,0.681,0.913,1975.32,0.202,0.029,1989.133,--,10399701,45775,5038997,0,503585,738868,0,196153,0,33279,0,15517752,1438606,935021,16256619,699738,0.613,0.003,0.297,0,0.03,0.044,0,0.012,0,0.002,0,0.915,0.085,0.055,0.959,0.041,8176690,0,2343523,0,0,264434,0,0,0,0,0,0.758,0,0.217,0,0,0.025,0,0,0,0,0
2021,Southeastern Power Administration,SEPA,1437,22223,8996,14282329,5557014,1948014,708827,1,0,0,0,1568,206,50,--,0.001,0.001,0,0,0.001,0,0.052,--,0.107,0.106,0.025,0,0.071,0.009,4.523,--,0.665,0.74,0.156,0,0.44,0.058,28.234,--,0,0,0,0,0,0,0,0,0,0,0,0,0,0,0,0,0,0,0,0,0,0,0,0,0,0,0,0,--,--,0,0,0,0,0,0,0,0,0,0,0,0,0,0,0,0,0,0,0,0,0,0,0,0,0,0,0,0,--,--,0.665,0.665,0.156,0,0.44,0.058,28.234,--,0,0,0,0,1897488,3560,0,46966,0,0,0,0,1948014,50526,3560,1944454,0,0,0,0,0.974,0.002,0,0.024,0,0,0,0,1,0.026,0.002,0.998,0,0,0,0,0,3328,0,0,0,0,0,0,0,0,0,0,1,0,0,0,0,0
2021,Southern Company Services Inc. - Trans,SOCO,69719,1518798489,727298131,1650102484,784362623,246840283,112160232,47509,20944,26469,110128321,16889757,2465642,110698211,--,0.385,0.373,0.214,892.304,0.068,0.01,896.922,--,0.063,0.058,0.035,145.02,0.011,0.002,145.771,--,0.518,0.502,0.288,1200.152,0.092,0.013,1206.363,--,0.876,2.19,0.243,0.49,0.757,2.227,0.254,0.465,0.44,1.426,0.005,0.175,1910.395,1341.548,862.024,1268.011,0.185,0.062,0.018,0.0828,0.0267,0.0107,0.0019,0.0116,1922.979,1346.278,862.917,1273.459,--,--,0.088,0.331,0.033,0.059,0.074,0.328,0.034,0.054,0.044,0.216,0.001,0.021,190.945,202.899,118.183,152.023,0.0185,0.0094,0.0024,0.0099,0.0027,0.0016,0.0003,0.0014,192.203,203.614,118.305,152.676,--,--,0.772,0.652,0.401,1398.847,0.105,0.015,1405.925,--,48764788,211450,124389790,48934913,8672268,10078366,0,5709201,0,78957,551,222380448,24459835,15787567,183523901,63316382,0.198,0.001,0.504,0.198,0.035,0.041,0,0.023,0,0,0,0.901,0.099,0.064,0.743,0.257,29891136,150716,31313054,0,0,2529781,0,0,0,179882,0,0.467,0.002,0.489,0,0,0.039,0,0,0,0.003,0
2021,Southwest Power Pool,SWPP,94908,1461026836,741419888,2351987045,1083965299,264324731,120108910,94017,46996,114690,131244105,25079362,3618797,132096798,--,0.711,0.783,0.868,993.052,0.095,0.014,999.504,--,0.129,0.127,0.157,179.66,0.017,0.002,180.827,--,1.266,1.393,1.545,1767.707,0.169,0.024,1779.192,--,1.495,26.283,0.779,1.268,1.496,22.59,0.755,1.252,2.328,2.783,0.022,1.543,2190.159,2898.142,1010.557,1788.711,0.248,0.102,0.019,0.1702,0.0361,0.0203,0.002,0.0245,2207.124,2906.744,1011.624,1800.253,--,--,0.141,1.479,0.092,0.128,0.141,1.745,0.088,0.126,0.219,0.157,0.003,0.156,206.439,163.054,118.981,180.802,0.0234,0.0057,0.0023,0.0172,0.0034,0.0011,0.0002,0.0025,208.038,163.538,119.107,181.968,--,--,1.37,1.337,1.406,1734.383,0.155,0.022,1744.914,--,90698526,507713,55453221,15455354,9553487,1266927,90010727,814350,0,277244,287183,162679241,101645491,92092004,148490814,115833918,0.343,0.002,0.21,0.058,0.036,0.005,0.341,0.003,0,0.001,0.001,0.615,0.385,0.348,0.562,0.438,54635979,100773,36107396,0,0,554201,0,0,0,0,0,0.598,0.001,0.395,0,0,0.006,0,0,0,0,0
2021,Southwestern Power Administration,SPA,2498,18983546,8043862,75110412,34810958,8057731,3739724,1104,479,4800,1990541,433951,63128,2005371,--,0.274,0.256,1.191,494.07,0.054,0.008,497.751,--,0.116,0.119,0.506,209.712,0.023,0.003,211.275,--,1.287,1.204,5.6,2322.164,0.253,0.037,2339.465,--,1.266,30.996,24.469,1.287,1.31,30.923,24.456,1.341,5.603,2.803,0.036,5.6,2322.864,1579.423,1233.069,2322.164,0.253,0.064,0.023,0.2531,0.0368,0.0128,0.0023,0.0368,2340.176,1584.833,1234.342,2339.466,--,--,0.114,3.205,2.32,0.116,0.116,3.204,2.319,0.119,0.506,0.29,0.003,0.506,209.76,163.326,116.889,209.712,0.0229,0.0066,0.0022,0.0229,0.0033,0.0013,0.0002,0.0033,211.323,163.885,117.009,211.275,--,--,1.517,1.67,5.567,2314.665,0.251,0.037,2331.851,--,1711636,2198,550,0,4826133,0,1484215,32999,0,0,0,1714384,6343347,1517214,1714384,6343347,0.212,0,0,0,0.599,0,0.184,0.004,0,0,0,0.213,0.787,0.188,0.213,0.787,144929,807,550,0,0,0,0,0,0,0,0,0.991,0.006,0.004,0,0,0,0,0,0,0,0
2021,Tampa Electric Company,TEC,8732,165805494,79537915,185598511,84697108,23224210,11174084,3349,1535,1788,10472231,1292583,164594,10512913,--,0.288,0.275,0.154,901.837,0.056,0.007,905.341,--,0.04,0.039,0.022,126.319,0.008,0.001,126.81,--,0.305,0.29,0.163,953.783,0.059,0.007,957.488,--,0.972,0,0.102,0.24,1.003,0,0.089,0.229,0.857,0,0.006,0.141,1893.456,0,795.481,969.796,0.129,0,0.016,0.0342,0.0181,0,0.0016,0.0042,1902.071,0,796.374,971.915,--,--,0.077,0,0.015,0.031,0.081,0,0.013,0.03,0.068,0,0.001,0.019,150.692,0,118.852,127.182,0.0103,0,0.0024,0.0045,0.0014,0,0.0002,0.0006,151.378,0,118.986,127.46,--,--,0.313,0.305,0.199,988.27,0.052,0.007,991.539,--,1327008,4824,19284589,0,0,166283,0,1264854,0,203236,973416,21793073,1431137,1431137,21959356,1264854,0.057,0,0.83,0,0,0.007,0,0.054,0,0.009,0.042,0.938,0.062,0.062,0.946,0.054,3279067,0,11148715,0,0,114878,0,0,0,0,0,0.225,0,0.767,0,0,0.008,0,0,0,0,0
2021,Tennessee Valley Authority,TVA,42247,680432148,328296010,875410011,407790223,165430587,74437701,20965,9932,32101,53738148,8091121,1158091,54010124,--,0.253,0.267,0.388,649.676,0.049,0.007,652.964,--,0.062,0.061,0.094,157.953,0.012,0.002,158.752,--,0.541,0.569,0.828,1385.449,0.104,0.015,1392.461,--,1.211,65.651,0.173,0.536,1.172,67.644,0.158,0.534,2.294,5.89,0.006,0.806,2382.761,3335.982,873.943,1401.637,0.268,0.135,0.017,0.1045,0.039,0.0269,0.0018,0.0148,2401.092,3347.376,874.814,1408.614,--,--,0.106,3.228,0.023,0.061,0.103,3.235,0.021,0.06,0.2,0.29,0.001,0.092,208.226,164.015,118.434,159.268,0.0234,0.0066,0.0022,0.0119,0.0034,0.0013,0.0002,0.0017,209.828,164.575,118.552,160.061,--,--,0.563,0.562,0.858,1473.981,0.116,0.017,1481.773,--,26580749,118028,49629925,66383959,20782292,1240380,28186,661067,0,5973,28,142718662,22711925,1929633,77575083,87855504,0.161,0.001,0.3,0.401,0.126,0.007,0,0.004,0,0,0,0.863,0.137,0.012,0.469,0.531,17826811,109,27366979,0,0,413478,0,0,0,0,0,0.391,0,0.6,0,0,0.009,0,0,0,0,0
2021,Tucson Electric Power Company,TEPC,5477,171048858,82751122,183122681,88709930,17595883,8743370,6524,2890,6047,14190803,2157724,311818,14264236,--,0.742,0.661,0.687,1612.969,0.123,0.018,1621.315,--,0.076,0.07,0.071,165.927,0.013,0.002,166.786,--,0.804,0.717,0.745,1748.656,0.133,0.019,1757.704,--,1.395,0,0.208,0.803,1.357,0,0.218,0.715,1.477,0,0.009,0.744,2282.831,0,1207.92,1746.629,0.259,0,0.006,0.1328,0.0377,0,0.0006,0.0192,2300.552,0,1208.234,1755.668,--,--,0.128,0,0.02,0.076,0.126,0,0.022,0.07,0.136,0,0.001,0.071,209.675,0,118.845,165.927,0.0238,0,0.0006,0.0126,0.0035,0,0.0001,0.0018,211.303,0,118.876,166.786,--,--,0.73,0.658,0.62,1641.236,0.112,0.016,1648.836,--,8101725,25931,8105718,0,0,0,374813,990542,0,0,-2846,16230528,1365355,1365355,16230528,1365355,0.46,0.001,0.461,0,0,0,0.021,0.056,0,0,0,0.922,0.078,0.078,0.922,0.078,3766378,0,5278740,0,0,0,0,0,0,0,0,0.416,0,0.584,0,0,0,0,0,0,0,0
2021,Turlock Irrigation District,TIDC,761,14021220,7232423,15734569,8393820,1766521,954734,57,29,4,833252,29738,2975,834067,--,0.064,0.06,0.005,943.382,0.017,0.002,944.305,--,0.008,0.008,0.001,118.856,0.002,0,118.972,--,0.072,0.068,0.005,1059.488,0.019,0.002,1060.524,--,0,0,0.072,0.072,0,0,0.07,0.07,0,0,0.005,0.005,0,0,1059.488,1059.488,0,0,0.019,0.0189,0,0,0.0019,0.0019,0,0,1060.524,1060.524,--,--,0,0,0.008,0.008,0,0,0.008,0.008,0,0,0.001,0.001,0,0,118.856,118.856,0,0,0.0021,0.0021,0,0,0.0002,0.0002,0,0,118.972,118.972,--,--,0.078,0.076,0.006,1084.612,0.02,0.002,1085.685,--,0,47,1572887,0,193587,0,0,0,0,0,0,1572934,193587,0,1572934,193587,0,0,0.89,0,0.11,0,0,0,0,0,0,0.89,0.11,0,0.89,0.11,0,0,1097946,0,0,0,0,0,0,0,0,0,0,1,0,0,0,0,0,0,0,0
2021,Western Area Power Administration - Desert Southwest Region,WALC,7208,61325221,31596520,146923999,70287486,16604016,7979182,1840,987,214,4101639,351790,45946,4112882,--,0.222,0.247,0.026,494.054,0.021,0.003,495.408,--,0.06,0.062,0.007,133.767,0.006,0.001,134.133,--,0.53,0.591,0.062,1181.156,0.051,0.007,1184.394,--,1.677,0,0.067,0.53,1.673,0,0.063,0.553,0.203,0,0.005,0.062,1836.561,0,916.921,1181.156,0.132,0,0.018,0.0507,0.0186,0,0.0018,0.0066,1845.419,0,917.893,1184.394,--,--,0.145,0,0.009,0.06,0.147,0,0.008,0.062,0.018,0,0.001,0.007,158.367,0,118.858,133.767,0.0114,0,0.0023,0.0057,0.0016,0,0.0002,0.0007,159.131,0,118.984,134.133,--,--,0.562,0.58,0.065,1205.08,0.053,0.007,1208.466,--,885408,15,6059701,0,8211185,0,1070180,377527,0,0,0,6945124,9658892,1447707,6945124,9658892,0.053,0,0.365,0,0.495,0,0.064,0.023,0,0,0,0.418,0.582,0.087,0.418,0.582,1513983,0,3441452,0,0,0,0,0,0,0,0,0.306,0,0.694,0,0,0,0,0,0,0,0
2021,Western Area Power Administration - Rocky Mountain Region,WACM,10400,388148018,172937243,437596856,192213822,40882049,17984191,21815,9416,13816,38728984,7990029,1158014,39001403,--,1.067,1.047,0.676,1894.669,0.195,0.028,1907.996,--,0.112,0.109,0.071,199.558,0.021,0.003,200.961,--,1.232,1.209,0.78,2187.336,0.226,0.033,2202.722,--,1.322,11.917,0.625,1.235,1.285,12.376,0.625,1.191,0.896,3.874,0.04,0.782,2354.432,2060.023,1144.525,2191.807,0.256,0.083,0.034,0.2261,0.0372,0.0167,0.0041,0.0328,2371.926,2067.081,1146.581,2207.224,--,--,0.117,0.945,0.069,0.112,0.114,0.946,0.068,0.109,0.08,0.307,0.004,0.071,208.97,163.326,125.671,199.668,0.0227,0.0066,0.0037,0.0206,0.0033,0.0013,0.0004,0.003,210.523,163.885,125.896,201.072,--,--,1.24,1.193,0.753,2089.043,0.203,0.029,2102.836,--,30429102,49798,4854426,0,1519769,17309,3493900,456371,0,6452,54922,35394701,5487349,3967580,35412010,5470040,0.744,0.001,0.119,0,0.037,0,0.085,0.011,0,0,0.001,0.866,0.134,0.097,0.866,0.134,11304851,4421,3414078,0,0,5266,0,0,0,5963,0,0.767,0,0.232,0,0,0,0,0,0,0,0
2021,Western Area Power Administration UGP West,WAUW,1047,0,0,26656318,11770574,3014398,1331064,0,0,0,0,0,0,0,--,0,0,0,0,0,0,0,--,0,0,0,0,0,0,0,--,,,,,,,,--,0,0,0,0,0,0,0,0,0,0,0,0,0,0,0,0,0,0,0,0,0,0,0,0,0,0,0,0,--,--,0,0,0,0,0,0,0,0,0,0,0,0,0,0,0,0,0,0,0,0,0,0,0,0,0,0,0,0,--,--,0,0,0,0,0,0,0,--,0,0,0,0,2825666,0,188732,0,0,0,0,0,3014398,188732,0,3014398,0,0,0,0,0.937,0,0.063,0,0,0,0,0,1,0.063,0,1,0,0,0,0,0,0,0,0,0,0,0,0,0,0,0,0,0,0,0,0,0,0