YEAR,PSTATABB,FIPSST,STNAMEPCAP,STHTIAN,STHTIOZ,STHTIANT,STHTIOZT,STNGENAN,STNGENOZ,STNOXAN,STNOXOZ,STSO2AN,STCO2AN,STCH4AN,STN2OAN,STCO2EQA,STHGAN,STNOXRTA,STNOXRTO,STSO2RTA,STCO2RTA,STCH4RTA,STN2ORTA,STC2ERTA,STHGRTA,STNOXRA,STNOXRO,STSO2RA,STCO2RA,STCH4RA,STN2ORA,STC2ERA,STHGRA,STNOXCRT,STNOXCRO,STSO2CRT,STCO2CRT,STCH4CRT,STN2OCRT,STC2ECRT,STHGCRT,STCNOXRT,STONOXRT,STGNOXRT,STFSNXRT,STCNXORT,STONXORT,STGNXORT,STFSNORT,STCSO2RT,STOSO2RT,STGSO2RT,STFSS2RT,STCCO2RT,STOCO2RT,STGCO2RT,STFSC2RT,STCCH4RT,STOCH4RT,STGCH4RT,STFCH4RT,STCN2ORT,STON2ORT,STGN2ORT,STFN2ORT,STCC2ERT,STOC2ERT,STGC2ERT,STFSC2ERT,STCHGRT,STFSHGRT,STCNOXR,STONOXR,STGNOXR,STFSNXR,STCNXOR,STONXOR,STGNXOR,STFSNOR,STCSO2R,STOSO2R,STGSO2R,STFSS2R,STCCO2R,STOCO2R,STGCO2R,STFSC2R,STCCH4R,STOCH4R,STGCH4R,STFCH4R,STCN2OR,STON2OR,STGN2OR,STFN2OR,STCC2ER,STOC2ER,STGC2ER,STFSC2ER,STCHGR,STFSHGR,STNBNOX,STNBNXO,STNBSO2,STNBCO2,STNBCH4,STNBN2O,STNBC2E,STNBHG,STGENACL,STGENAOL,STGENAGS,STGENANC,STGENAHY,STGENABM,STGENAWI,STGENASO,STGENAGT,STGENAOF,STGENAOP,STGENATN,STGENATR,STGENATH,STGENACY,STGENACN,STCLPR,STOLPR,STGSPR,STNCPR,STHYPR,STBMPR,STWIPR,STSOPR,STGTPR,STOFPR,STOPPR,STTNPR,STTRPR,STTHPR,STCYPR,STCNPR,STNBGNCL,STNBGNOL,STNBGNGS,STNBGNNC,STNBGNHY,STNBGNBM,STNBGNWI,STNBGNSO,STNBGNGT,STNBGNOF,STNBGNOP,STNBCLPR,STNBOLPR,STNBGSPR,STNBNCPR,STNBHYPR,STNBBMPR,STNBWIPR,STNBSOPR,STNBGTPR,STNBOFPR,STNBOPPR
2021,AK,2,3044,42282343,16820174,58386434,23523172,6595818,2652126,20031,8287,1493,3034124,491826,68294,3050448,--,6.074,6.249,0.453,920.015,0.075,0.01,924.964,--,0.947,0.985,0.071,143.517,0.012,0.002,144.289,--,8.39,8.633,0.625,1270.916,0.103,0.014,1277.753,--,1.907,17.671,7.33,8.422,1.779,17.917,8.147,8.779,0.938,2.406,0.027,0.625,2274.583,1469.902,976.325,1278.385,0.2564,0.2662,0.0185,0.1037,0.0373,0.0379,0.0018,0.0144,2292.122,1487.857,977.336,1285.265,--,--,0.178,1.993,0.878,0.954,0.169,2.011,0.97,0.992,0.088,0.271,0.003,0.071,212.862,165.753,116.889,144.861,0.024,0.03,0.0022,0.0117,0.0035,0.0043,0.0002,0.0016,214.503,167.777,117.01,145.641,--,--,9.506,9.825,0.784,1278.374,0.112,0.016,1285.808,--,752894,902486,3085396,0,1688900,38071,132212,0,0,0,-4141,4736635,1859183,170283,4774706,1821112,0.114,0.137,0.467,0,0.256,0.006,0.02,0,0,0,0,0.718,0.282,0.026,0.724,0.276,412967,794562,1751308,0,0,26784,0,0,0,0,0,0.138,0.266,0.587,0,0,0.009,0,0,0,0,0
2021,AL,1,30232,697457079,315467321,803703982,358056946,142731861,63027592,17450,7670,9534,53581535,7888025,1157485,53843989,--,0.245,0.243,0.134,750.8,0.055,0.008,754.477,--,0.05,0.049,0.027,153.648,0.011,0.002,154.401,--,0.412,0.41,0.225,1265.498,0.093,0.014,1271.696,--,0.681,55.996,0.176,0.403,0.659,55.905,0.163,0.394,0.336,5.314,0.005,0.154,1913.412,2993.7,819.893,1312.066,0.1834,0.1212,0.0185,0.0927,0.0265,0.0242,0.0022,0.0131,1925.883,3003.955,820.74,1318.145,--,--,0.068,3.055,0.025,0.048,0.066,3.054,0.023,0.047,0.034,0.29,0.001,0.018,191.182,163.325,117.225,157.118,0.0183,0.0066,0.0026,0.0111,0.0026,0.0013,0.0003,0.0016,192.428,163.885,117.346,157.846,--,--,0.388,0.382,0.258,1105.715,0.057,0.008,1109.458,--,26900909,21915,54446405,46036489,11520809,3311245,0,493995,0,65,28,127405811,15326049,3805240,84680567,58051293,0.188,0,0.381,0.323,0.081,0.023,0,0.003,0,0,0,0.893,0.107,0.027,0.593,0.407,9449308,446,17623781,0,0,796503,0,0,0,0,0,0.339,0,0.632,0,0,0.029,0,0,0,0,0
2021,AR,5,16480,387772615,194774339,427486183,215852803,61100068,29554304,17007,9205,35352,33205768,5556226,807639,33395559,--,0.557,0.623,1.157,1086.931,0.091,0.013,1093.143,--,0.088,0.095,0.182,171.264,0.014,0.002,172.243,--,0.792,0.886,1.645,1545.543,0.129,0.019,1554.376,--,1.378,32.238,0.168,0.788,1.402,32.583,0.2,0.88,3.152,2.905,0.014,1.621,2249.764,1637.159,880.243,1581.603,0.2406,0.0663,0.0162,0.1311,0.035,0.0133,0.0016,0.0187,2266.213,1642.762,881.13,1590.46,--,--,0.128,3.216,0.023,0.087,0.129,3.211,0.027,0.094,0.294,0.29,0.002,0.178,209.726,163.327,118.941,173.722,0.0224,0.0066,0.0022,0.0144,0.0033,0.0013,0.0002,0.0021,211.26,163.886,119.061,174.695,--,--,0.865,0.97,2.001,1535.063,0.125,0.018,1543.595,--,21418877,55532,20629134,13555684,4112385,858604,0,462281,0,8019,-447,55666798,5433270,1320885,42969718,18130350,0.351,0.001,0.338,0.222,0.067,0.014,0,0.008,0,0,0,0.911,0.089,0.022,0.703,0.297,10871647,126,11463460,0,0,635033,0,0,0,0,0,0.473,0,0.499,0,0,0.028,0,0,0,0,0
2021,AZ,4,31007,540536625,277925681,666850621,336583580,108500973,52833343,18971,9437,7624,39321233,4607967,637144,39473767,--,0.35,0.357,0.141,724.809,0.042,0.006,727.621,--,0.07,0.068,0.028,145.49,0.009,0.001,146.054,--,0.607,0.62,0.244,1258.357,0.074,0.01,1263.238,--,1.687,17.452,0.243,0.602,1.709,17.6,0.233,0.574,0.962,6.097,0.006,0.243,2320.201,3237.548,912.75,1262.149,0.2433,0.1311,0.0137,0.0707,0.0353,0.0262,0.0014,0.0098,2336.809,3248.645,913.5,1266.835,--,--,0.147,0.88,0.032,0.07,0.149,0.878,0.031,0.068,0.084,0.308,0.001,0.028,202.366,163.326,118.731,146.33,0.0212,0.0066,0.0018,0.0082,0.0031,0.0013,0.0002,0.0011,203.814,163.886,118.829,146.873,--,--,0.537,0.506,0.197,1218.819,0.063,0.009,1222.965,--,14300572,43534,47949486,31629862,6063749,210116,1600319,6710877,0,0,-7543,93915911,14585062,8521313,62496165,46004807,0.132,0,0.442,0.291,0.056,0.002,0.015,0.062,0,0,0,0.866,0.134,0.079,0.576,0.424,8047539,62,28624239,0,0,3421,0,0,0,0,0,0.219,0,0.78,0,0,0,0,0,0,0,0
2021,CA,6,86752,843482855,404280744,1526424654,750707288,196943760,97201899,42854,19286,1496,47168503,4978848,604324,47315238,--,0.435,0.397,0.015,479.005,0.025,0.003,480.495,--,0.102,0.095,0.004,111.842,0.006,0.001,112.19,--,0.817,0.745,0.029,898.866,0.047,0.006,901.663,--,1.169,28.259,0.7,0.713,1.181,29.218,0.666,0.677,0.014,2.009,0.009,0.01,1149.018,1664.414,920.329,921.356,0.1306,0.0695,0.0162,0.0166,0.019,0.0137,0.0016,0.0017,1157.937,1670.238,921.217,922.272,--,--,0.21,2.569,0.09,0.091,0.213,2.822,0.085,0.086,0.003,0.183,0.001,0.001,206.719,151.283,117.958,118.175,0.0235,0.0063,0.0021,0.0021,0.0034,0.0012,0.0002,0.0002,208.324,151.813,118.072,118.293,--,--,0.728,0.656,0.02,986.799,0.038,0.005,989.106,--,294154,76209,97240771,16477366,14358237,5395519,15177006,34852509,11127544,1538842,405603,116032944,80910815,66552578,104951097,91992662,0.001,0,0.494,0.084,0.073,0.027,0.077,0.177,0.057,0.008,0.002,0.589,0.411,0.338,0.533,0.467,123734,38529,51496163,0,0,1704015,0,0,0,0,0,0.002,0.001,0.965,0,0,0.032,0,0,0,0,0
2021,CO,8,20106,388007263,175799196,551632774,241861740,56832574,25089419,18070,7689,10424,34580216,6413185,918830,34797287,--,0.636,0.613,0.367,1216.915,0.113,0.016,1224.554,--,0.093,0.087,0.054,178.245,0.017,0.002,179.364,--,0.941,0.907,0.543,1800.115,0.167,0.024,1811.414,--,1.234,21.921,0.425,0.937,1.162,23.244,0.431,0.869,0.861,4.389,0.018,0.545,2254.291,2365.436,1073.983,1810.685,0.2508,0.0958,0.024,0.1655,0.0365,0.0192,0.0026,0.0237,2271.424,2373.541,1075.372,1821.898,--,--,0.114,1.514,0.048,0.093,0.108,1.543,0.049,0.087,0.079,0.303,0.002,0.054,207.675,163.326,121.214,179.167,0.0231,0.0066,0.0027,0.0164,0.0034,0.0013,0.0003,0.0023,209.253,163.885,121.371,180.277,--,--,0.83,0.777,0.399,1609.325,0.127,0.018,1617.894,--,23602042,27809,14559773,0,1562810,169082,15125697,1724051,0,6452,54858,38250934,18581640,17018830,38420016,18412558,0.415,0,0.256,0,0.027,0.003,0.266,0.03,0,0,0.001,0.673,0.327,0.299,0.676,0.324,9849195,5508,11459813,0,0,38937,0,0,0,5963,0,0.461,0,0.537,0,0,0.002,0,0,0,0,0
2021,CT,9,11374,193696484,85241477,203296620,88705058,44079944,19169332,5038,2147,738,11353743,2102247,265684,11419608,--,0.229,0.224,0.034,515.143,0.048,0.006,518.132,--,0.052,0.05,0.008,117.232,0.011,0.001,117.912,--,0.386,0.378,0.057,869.769,0.081,0.01,874.815,--,0,9.69,0.184,0.201,0,5.487,0.174,0.192,0,3.909,0.03,0.037,0,3602.235,821.721,826.786,0,0.1127,0.0179,0.018,0,0.0203,0.0019,0.002,0,3611.104,822.74,827.819,--,--,0,0.395,0.027,0.029,0,0.271,0.025,0.028,0,0.159,0.004,0.005,0,146.897,120.276,120.449,0,0.0046,0.0026,0.0026,0,0.0008,0.0003,0.0003,0,147.259,120.425,120.6,--,--,0.461,0.431,0.093,915.025,0.072,0.009,919.56,--,244647,45950,24488902,17216509,478004,756854,12758,265188,0,571202,-70,42567139,1512804,1034800,26107484,17972459,0.006,0.001,0.556,0.391,0.011,0.017,0,0.006,0,0.013,0,0.966,0.034,0.023,0.592,0.408,0,46325,7450083,0,0,253899,0,0,0,0,0,0,0.006,0.961,0,0,0.033,0,0,0,0,0
2021,DC,11,52,1454077,662109,1615629,749753,184480,86248,268,119,3,60110,3259,326,60200,--,2.91,2.769,0.033,651.672,0.018,0.002,652.641,--,0.369,0.361,0.004,82.678,0.002,0,82.801,--,3.23,3.073,0.036,723.303,0.02,0.002,724.378,--,0,0,2.685,2.685,0,0,2.68,2.68,0,0,0.03,0.03,0,0,1088.243,1088.243,0,0,0.0205,0.0205,0,0,0.0021,0.0021,0,0,1089.369,1089.369,--,--,0,0,0.288,0.288,0,0,0.289,0.289,0,0,0.003,0.003,0,0,116.889,116.889,0,0,0.0022,0.0022,0,0,0.0002,0.0002,0,0,117.01,117.01,--,--,3.679,3.522,0.041,394.983,0.018,0.002,395.983,--,0,38,110451,0,0,55721,0,18269,0,0,0,110489,73990,73990,166211,18269,0,0,0.599,0,0,0.302,0,0.099,0,0,0,0.599,0.401,0.401,0.901,0.099,0,0,20047,0,0,32254,0,0,0,0,0,0,0,0.383,0,0,0.617,0,0,0,0,0
2021,DE,10,3599,29420899,18122130,31497128,19259139,4305126,2475340,785,445,681,1867344,173528,22520,1872868,--,0.364,0.359,0.317,867.498,0.04,0.005,870.064,--,0.053,0.049,0.046,126.94,0.006,0.001,127.316,--,0.37,0.365,0.321,880.168,0.041,0.005,882.772,--,1.288,0.817,0.234,0.378,1.138,0.772,0.255,0.384,4.481,0.108,0.009,0.408,2717.722,1537.17,863.166,1085.185,0.3898,0.0273,0.0161,0.0497,0.0569,0.0028,0.0016,0.0065,2744.416,1538.7,864.052,1088.378,--,--,0.097,0.063,0.032,0.046,0.089,0.06,0.034,0.045,0.338,0.008,0.001,0.049,204.978,119.379,118.96,131.022,0.0294,0.0021,0.0022,0.006,0.0043,0.0002,0.0002,0.0008,206.992,119.498,119.082,131.407,--,--,0.424,0.416,0.382,988.84,0.048,0.006,991.889,--,276729,16747,3734203,0,0,73648,4849,57126,0,141823,0,4169503,135623,135623,4243151,61975,0.064,0.004,0.867,0,0,0.017,0.001,0.013,0,0.033,0,0.968,0.032,0.032,0.986,0.014,285010,292729,2186143,0,0,18313,0,0,0,0,0,0.102,0.105,0.786,0,0,0.007,0,0,0,0,0
2021,FL,12,71335,1604136404,775999534,1694605471,813898150,246185265,117651669,37370,16966,20666,102676195,12840570,1687068,103088075,--,0.304,0.288,0.168,834.138,0.052,0.007,837.484,--,0.047,0.044,0.026,128.014,0.008,0.001,128.528,--,0.358,0.34,0.198,983.294,0.061,0.008,987.239,--,0.513,10.492,0.213,0.264,0.485,10.424,0.205,0.253,0.81,2.102,0.041,0.171,1585.258,1549.255,864.497,985.847,0.1426,0.0801,0.0186,0.0395,0.0204,0.016,0.002,0.0051,1594.899,1556.019,865.569,988.362,--,--,0.055,1.104,0.03,0.035,0.052,1.251,0.029,0.034,0.087,0.221,0.006,0.023,170.389,163.044,120.314,130.714,0.0153,0.0084,0.0026,0.0052,0.0022,0.0017,0.0003,0.0007,171.425,163.755,120.463,131.047,--,--,0.386,0.363,0.203,1021.173,0.054,0.007,1024.598,--,18384804,1162018,182369321,28058287,251607,4227877,0,9034130,0,1633872,1063349,232671651,13513614,13262007,208841241,37344024,0.075,0.005,0.741,0.114,0.001,0.017,0,0.037,0,0.007,0.004,0.945,0.055,0.054,0.848,0.152,16757432,9938,85387537,0,0,1877305,0,0,0,0,0,0.161,0,0.821,0,0,0.018,0,0,0,0,0
2021,GA,13,41267,681213044,349942586,756644129,383026077,124199775,57539716,19369,7679,15405,47076814,7912067,1146520,47346547,--,0.312,0.267,0.248,758.082,0.064,0.009,762.426,--,0.057,0.044,0.045,138.215,0.012,0.002,139.007,--,0.473,0.405,0.376,1150.28,0.097,0.014,1156.871,--,1.291,2.03,0.113,0.415,0.729,2.036,0.136,0.33,0.887,1.414,0.005,0.23,2328.803,1336.641,872.447,1238.19,0.2524,0.0621,0.0164,0.0766,0.0367,0.0106,0.0016,0.0106,2346.053,1341.354,873.345,1243.26,--,--,0.115,0.309,0.015,0.05,0.065,0.302,0.018,0.038,0.079,0.215,0.001,0.028,207.309,203.226,118.882,148.997,0.0225,0.0094,0.0022,0.0092,0.0033,0.0016,0.0002,0.0013,208.845,203.943,119.005,149.607,--,--,0.872,0.607,0.586,1670.73,0.153,0.022,1681.243,--,19076184,178944,56673115,33951976,3527315,5845585,0,4867699,0,78407,551,109959177,14240599,10713284,81852786,42346990,0.154,0.001,0.456,0.273,0.028,0.047,0,0.039,0,0.001,0,0.885,0.115,0.086,0.659,0.341,16265714,150270,12606656,0,0,1568510,0,0,0,179882,0,0.529,0.005,0.41,0,0,0.051,0,0,0,0.006,0
2021,HI,15,3265,83268141,35217160,96198791,41006570,9180590,3973331,22257,9471,25333,6844000,1510077,230106,6897162,--,4.849,4.767,5.519,1490.972,0.164,0.025,1502.553,--,0.535,0.538,0.608,164.385,0.018,0.003,165.661,--,5.767,5.67,6.564,1773.438,0.196,0.03,1787.213,--,2.825,6.286,0,5.76,2.779,6.249,0,5.715,5.228,7.245,0,6.939,2393.72,1652.646,0,1765.272,0.2855,0.104,0,0.1316,0.0414,0.0181,0,0.0216,2413.186,1660.641,0,1775.01,--,--,0.252,0.618,0,0.558,0.249,0.618,0,0.556,0.467,0.713,0,0.672,213.892,162.533,0,170.994,0.0255,0.0102,0,0.0127,0.0037,0.0018,0,0.0021,215.632,163.319,0,171.938,--,--,6.268,6.19,6.845,1748.41,0.173,0.027,1760.783,--,1084555,6155207,0,0,114971,282637,657891,505994,183391,198725,-2781,7435706,1744884,1629913,7718343,1462247,0.118,0.67,0,0,0.013,0.031,0.072,0.055,0.02,0.022,0,0.81,0.19,0.177,0.841,0.159,327427,4374021,0,0,0,279260,0,0,0,0,0,0.066,0.878,0,0,0,0.056,0,0,0,0,0
2021,IA,19,23089,269868037,144179629,608510616,257848885,67198724,28373179,17798,9433,26960,25835498,5429926,784910,26020324,--,0.53,0.665,0.802,768.928,0.081,0.012,774.429,--,0.132,0.131,0.2,191.468,0.02,0.003,192.837,--,1.232,1.546,1.865,1787.693,0.188,0.027,1800.482,--,1.435,5.77,0.353,1.228,1.431,4.383,0.313,1.213,2.376,0.604,0.022,1.871,2030.268,1111.749,933.765,1794.642,0.2345,0.0493,0.021,0.1886,0.0341,0.0084,0.0023,0.0273,2046.291,1115.483,934.968,1807.481,--,--,0.148,0.893,0.044,0.132,0.148,0.861,0.04,0.131,0.245,0.093,0.003,0.201,208.9,172.036,117.446,192.352,0.0241,0.0076,0.0026,0.0202,0.0035,0.0013,0.0003,0.0029,210.548,172.614,117.597,193.728,--,--,1.229,1.2,1.808,1676.078,0.168,0.024,1687.52,--,22106594,132090,6463644,0,971810,201483,37098274,224906,0,0,-76,28702253,38496473,37524663,28903736,38294990,0.329,0.002,0.096,0,0.014,0.003,0.552,0.003,0,0,0,0.427,0.573,0.558,0.43,0.57,12074816,144489,4891192,0,0,14926,0,0,0,0,0,0.705,0.008,0.286,0,0,0.001,0,0,0,0,0
2021,ID,16,5349,41542401,20035580,142309660,63657641,16834400,7441282,1383,618,495,2283926,149465,22417,2289134,--,0.164,0.166,0.059,271.34,0.009,0.001,271.959,--,0.067,0.062,0.024,109.956,0.004,0.001,110.207,--,0.503,0.508,0.18,830.342,0.027,0.004,832.236,--,0,38,0.209,0.209,0,37.25,0.242,0.243,0,3.462,0.016,0.016,0,1953.692,925.632,925.637,0,0.0791,0.0178,0.0178,0,0.0158,0.0018,0.0018,0,1960.385,926.612,926.618,--,--,0,3.177,0.027,0.027,0,3.17,0.029,0.029,0,0.289,0.002,0.002,0,163.331,119.041,119.042,0,0.0066,0.0023,0.0023,0,0.0013,0.0002,0.0002,0,163.891,119.168,119.168,--,--,0.812,0.751,0.309,925.134,0.036,0.006,927.795,--,16115,152,4935454,0,7995217,487534,2680206,564869,92941,0,61911,5013632,11820768,3825550,5501167,11333233,0.001,0,0.293,0,0.475,0.029,0.159,0.034,0.006,0,0.004,0.298,0.702,0.227,0.327,0.673,0,26,1716459,0,0,315856,0,0,0,0,0,0,0,0.845,0,0,0.155,0,0,0,0,0
2021,IL,17,50982,646827387,325188535,821575713,378037321,181296445,79740998,27996,13629,65438,59197719,11412664,1642211,59585067,--,0.309,0.342,0.722,653.049,0.063,0.009,657.322,--,0.087,0.084,0.202,183.04,0.018,0.003,184.238,--,0.868,0.96,2.028,1834.428,0.177,0.025,1846.431,--,0.946,35.481,0.715,0.872,0.895,41.993,0.784,0.857,3.011,5.1,0.008,2.042,2230.597,2477.82,1029.394,1848.204,0.2541,0.0945,0.0196,0.1783,0.037,0.0189,0.002,0.0257,2247.963,2485.811,1030.475,1860.305,--,--,0.088,2.335,0.082,0.087,0.084,2.007,0.084,0.084,0.281,0.336,0.001,0.204,208.474,163.03,118.718,184.659,0.0237,0.0062,0.0023,0.0178,0.0035,0.0012,0.0002,0.0026,210.097,163.556,118.842,185.869,--,--,0.983,0.963,1.963,1738.029,0.154,0.022,1748.413,--,42986127,53888,20649068,96994458,128565,364454,19133088,499548,0,243805,243445,161170791,20125655,19997090,64540787,116755659,0.237,0,0.114,0.535,0.001,0.002,0.106,0.003,0,0.001,0.001,0.889,0.111,0.11,0.356,0.644,17436682,8701,14506964,0,0,147749,0,0,0,23965,0,0.543,0,0.452,0,0,0.005,0,0,0,0.001,0
2021,IN,18,31217,827365038,394562335,909107379,419872988,94126667,42632935,46674,18136,39655,76835117,14330847,2063952,77321782,--,0.992,0.851,0.843,1632.59,0.152,0.022,1642.93,--,0.113,0.092,0.096,185.735,0.017,0.002,186.911,--,1.094,0.938,0.929,1800.514,0.168,0.024,1811.919,--,1.39,32.802,0.308,1.057,1.093,31.699,0.32,0.893,1.375,2.877,0.038,0.956,2232.225,1623.16,934.746,1841.073,0.2438,0.0657,0.0177,0.1728,0.0354,0.0131,0.0018,0.0249,2248.882,1628.716,935.719,1852.807,--,--,0.13,3.301,0.039,0.108,0.101,3.32,0.04,0.089,0.128,0.289,0.005,0.097,208.097,163.324,118.868,187.78,0.0227,0.0066,0.0023,0.0176,0.0033,0.0013,0.0002,0.0025,209.65,163.883,118.992,188.977,--,--,1.153,0.964,1.068,1970.011,0.196,0.028,1983.366,--,54447943,127751,27599551,0,387030,428995,7818917,572757,0,2278807,464915,84918967,9207699,8820669,85347963,8778704,0.578,0.001,0.293,0,0.004,0.005,0.083,0.006,0,0.024,0.005,0.902,0.098,0.094,0.907,0.093,35185755,162,10256296,0,0,86198,0,0,0,399873,0,0.766,0,0.223,0,0,0.002,0,0,0,0.009,0
2021,KS,20,19603,237868281,117763712,465416671,206097025,56573060,24572650,16427,7665,4375,23709368,5350081,776511,23891944,--,0.581,0.624,0.155,838.186,0.095,0.014,844.64,--,0.138,0.13,0.037,199.349,0.022,0.003,200.884,--,1.475,1.585,0.393,2129.144,0.24,0.035,2145.539,--,1.198,36.372,3.271,1.479,1.209,27.58,2.938,1.401,0.428,1.884,0.119,0.393,2271.352,2997.164,1120.422,2135.25,0.2706,0.0982,0.0221,0.2409,0.0394,0.0193,0.0025,0.035,2289.851,3005.361,1121.71,2151.693,--,--,0.11,1.968,0.348,0.139,0.111,2.471,0.322,0.131,0.039,0.102,0.013,0.037,209.418,162.142,119.366,199.929,0.025,0.0053,0.0024,0.0226,0.0036,0.001,0.0003,0.0033,211.123,162.585,119.503,201.468,--,--,1.705,1.559,0.384,2134.175,0.237,0.034,2150.371,--,19396169,149201,2662209,8574732,29947,58715,25636051,61058,0,0,4978,30787289,25785771,25755824,22271272,34301788,0.343,0.003,0.047,0.152,0.001,0.001,0.453,0.001,0,0,0,0.544,0.456,0.455,0.394,0.606,11422280,22134,1776097,0,0,8376,0,0,0,0,0,0.863,0.002,0.134,0,0,0.001,0,0,0,0,0
2021,KY,21,20931,637096544,299154107,680593930,317847914,69904814,32236054,32044,14492,48158,60365819,12989107,1883452,60808817,--,0.917,0.899,1.378,1727.086,0.186,0.027,1739.76,--,0.101,0.097,0.151,189.503,0.02,0.003,190.894,--,0.986,0.967,1.482,1857.811,0.2,0.029,1871.445,--,1.17,37.244,0.302,0.99,1.136,37.521,0.291,0.965,1.864,3.479,0.007,1.476,2125.2,1954.407,903.169,1870.084,0.2498,0.0791,0.0167,0.201,0.0363,0.0158,0.0017,0.0291,2142.261,1961.086,904.083,1883.77,--,--,0.112,3.112,0.04,0.101,0.108,3.103,0.037,0.097,0.179,0.291,0.001,0.15,204.269,163.325,118.862,190.437,0.024,0.0066,0.0022,0.0205,0.0035,0.0013,0.0002,0.003,205.909,163.883,118.983,191.831,--,--,1.068,1.044,1.509,1960.29,0.213,0.031,1974.846,--,49862729,66090,14571980,0,4876457,414736,0,42392,0,70430,0,64571229,5333585,457128,64985965,4918849,0.713,0.001,0.208,0,0.07,0.006,0,0.001,0,0.001,0,0.924,0.076,0.007,0.93,0.07,26192228,43,4642178,0,0,235648,0,0,0,-9824,0,0.843,0,0.149,0,0,0.008,0,0,0,0,0
2021,LA,22,29281,597238199,279233949,611336583,285084719,97167796,44173753,31411,15276,35854,40132344,3874479,554169,40263346,--,0.647,0.692,0.738,826.042,0.04,0.006,828.738,--,0.105,0.109,0.12,134.393,0.006,0.001,134.832,--,0.799,0.854,0.912,1020.354,0.049,0.007,1023.685,--,1.579,0.674,0.695,0.812,1.756,0.672,0.705,0.862,3.796,10.106,0.021,0.922,2330.599,1356.56,848.053,1066.724,0.2023,0.1827,0.0167,0.0481,0.0303,0.0287,0.0018,0.0067,2344.677,1369.692,849.002,1069.909,--,--,0.139,0.112,0.097,0.105,0.152,0.111,0.098,0.11,0.334,1.682,0.003,0.12,205.226,225.775,117.938,138.483,0.0178,0.0304,0.0023,0.0062,0.0027,0.0048,0.0002,0.0009,206.466,227.96,118.07,138.896,--,--,0.9,0.974,1.434,1170.762,0.063,0.009,1175.034,--,7872951,3895635,62855367,17248674,1109178,1698436,0,146393,0,1808065,533096,94213789,2954007,1844829,78663551,18504245,0.081,0.04,0.647,0.178,0.011,0.017,0,0.002,0,0.019,0.005,0.97,0.03,0.019,0.81,0.19,7758500,2728977,32268224,0,0,423927,0,0,0,0,0,0.18,0.063,0.747,0,0,0.01,0,0,0,0,0
2021,MA,25,15152,144189467,68216402,169653767,79554252,19429417,9141930,6385,2816,2066,8271390,2505579,321465,8350592,--,0.657,0.616,0.213,851.43,0.129,0.017,859.582,--,0.089,0.083,0.029,114.729,0.017,0.002,115.828,--,0.752,0.705,0.243,973.789,0.147,0.019,983.114,--,0,18.12,0.171,0.187,0,32.024,0.174,0.183,0,4.547,0.019,0.023,0,2526.497,871.537,872.983,0,0.0791,0.0168,0.0169,0,0.0155,0.0017,0.0017,0,2533.094,872.469,873.92,--,--,0,1.138,0.023,0.026,0,0.747,0.023,0.025,0,0.286,0.003,0.003,0,158.736,119.074,119.149,0,0.005,0.0023,0.0023,0,0.001,0.0002,0.0002,0,159.15,119.201,119.277,--,--,0.397,0.372,0.1,928.769,0.067,0.008,932.92,--,0,81147,15009932,0,693267,972912,208626,1539474,0,925646,-1588,16015137,3414279,2721012,16988049,2441367,0,0.004,0.772,0,0.036,0.05,0.011,0.079,0,0.048,0,0.824,0.176,0.14,0.874,0.126,0,13450,10244264,0,0,416818,0,0,0,0,0,0,0.001,0.96,0,0,0.039,0,0,0,0,0
2021,MD,24,15003,179136082,83234142,208022882,94374802,38166719,17044014,4311,1811,4608,13323785,2213553,302977,13396598,--,0.226,0.213,0.241,698.189,0.058,0.008,702.004,--,0.048,0.044,0.051,148.756,0.012,0.002,149.569,--,0.433,0.407,0.463,1338.64,0.111,0.015,1345.955,--,0.747,36.801,0.211,0.369,0.703,25.801,0.139,0.329,1.465,15.95,0.092,0.472,2192.804,4689.257,1018.053,1340.031,0.2582,0.2094,0.0166,0.0826,0.0376,0.0418,0.0017,0.0115,2210.461,4706.954,1018.966,1345.522,--,--,0.07,1.276,0.026,0.042,0.065,1.081,0.018,0.038,0.137,0.553,0.011,0.053,204.816,162.618,125.081,151.47,0.0241,0.0073,0.002,0.0093,0.0035,0.0015,0.0002,0.0013,206.465,163.232,125.194,152.09,--,--,0.594,0.496,0.699,1613.591,0.134,0.019,1622.543,--,5173979,71814,13909607,14993633,2117149,374836,517431,632049,0,378348,-2127,34525253,3641465,1524316,19906456,18260262,0.136,0.002,0.364,0.393,0.055,0.01,0.014,0.017,0,0.01,0,0.905,0.095,0.04,0.522,0.478,4321178,6265,6671004,0,0,267427,0,0,0,0,0,0.384,0.001,0.592,0,0,0.024,0,0,0,0,0
2021,ME,23,5272,46334951,20636340,92695856,35778415,10900946,4375012,2163,863,1569,1640814,1350674,191592,1686245,--,0.397,0.395,0.288,301.041,0.124,0.018,309.376,--,0.093,0.084,0.068,70.824,0.029,0.004,72.785,--,0.765,0.76,0.554,579.969,0.239,0.034,596.027,--,0,1.171,0.137,0.145,0,0.983,0.13,0.137,0,3.065,0.004,0.029,0,924.134,800.119,801.117,0,0.0532,0.0152,0.0155,0,0.0106,0.0015,0.0016,0,928.632,800.954,801.982,--,--,0,0.215,0.02,0.022,0,0.157,0.019,0.02,0,0.563,0.001,0.004,0,169.767,118.837,119.169,0,0.0098,0.0023,0.0023,0,0.002,0.0002,0.0002,0,170.594,118.961,119.298,--,--,0.521,0.413,0.372,717.694,0.104,0.015,724.873,--,49996,31161,3347769,0,2540905,1965571,2544197,157564,0,168569,95215,3692709,7208237,4667332,5658280,5242666,0.005,0.003,0.307,0,0.233,0.18,0.233,0.014,0,0.015,0.009,0.339,0.661,0.428,0.519,0.481,0,26393,2616957,0,0,773163,0,0,0,0,0,0,0.008,0.766,0,0,0.226,0,0,0,0,0
2021,MI,26,32935,683955713,307304806,768040728,336015885,115299090,48206185,44889,19529,54853,57866134,11113848,1591800,58242235,--,0.779,0.81,0.951,1003.757,0.096,0.014,1010.281,--,0.131,0.127,0.16,169.21,0.016,0.002,170.31,--,1.243,1.294,1.519,1602.545,0.154,0.022,1612.961,--,1.259,12.754,1.115,1.223,1.243,13.14,1.095,1.208,2.73,2.02,0.046,1.537,2239.212,1746.659,913.282,1649.615,0.2477,0.0552,0.0169,0.1448,0.0361,0.0109,0.0017,0.0208,2256.157,1751.292,914.218,1659.426,--,--,0.117,1.459,0.144,0.13,0.115,1.52,0.136,0.126,0.254,0.231,0.006,0.164,208.512,199.748,118.227,175.556,0.0231,0.0063,0.0022,0.0154,0.0034,0.0012,0.0002,0.0022,210.09,200.278,118.348,176.6,--,--,1.402,1.383,1.787,1691.079,0.158,0.023,1701.798,--,37053903,1149514,30496824,34338319,624618,2197074,7696887,421477,0,1320556,-83,104359033,10940056,10315438,72217789,43081301,0.321,0.01,0.265,0.298,0.005,0.019,0.067,0.004,0,0.011,0,0.905,0.095,0.089,0.626,0.374,20668472,118249,15364562,0,0,879334,0,0,0,0,0,0.558,0.003,0.415,0,0,0.024,0,0,0,0,0
2021,MN,27,20081,288773389,134295655,420272591,185904307,59157705,25613136,16790,7611,7574,24431332,4872724,699606,24596482,--,0.568,0.594,0.256,825.973,0.082,0.012,831.556,--,0.116,0.113,0.052,169.208,0.017,0.002,170.351,--,1.112,1.164,0.502,1617.77,0.161,0.023,1628.706,--,1.243,10.607,0.66,0.997,1.239,9.736,0.659,0.993,0.765,1.024,0.02,0.434,2254.03,1111.283,963.096,1677.978,0.2459,0.0299,0.0175,0.1439,0.0358,0.0058,0.0018,0.0206,2270.83,1113.752,964.07,1687.716,--,--,0.115,0.823,0.081,0.104,0.116,0.755,0.078,0.102,0.071,0.079,0.002,0.045,209.262,86.248,118.784,174.984,0.0228,0.0023,0.0022,0.015,0.0033,0.0004,0.0002,0.0021,210.822,86.44,118.904,175.999,--,--,1.208,1.184,0.503,1580.483,0.144,0.02,1590.17,--,15738907,105131,12790625,14122771,679125,1255842,12271314,1880776,0,255970,57245,43070648,16087057,15407932,30203718,28953986,0.266,0.002,0.216,0.239,0.011,0.021,0.207,0.032,0,0.004,0.001,0.728,0.272,0.26,0.511,0.489,8602350,41452,8443453,0,0,662329,0,0,0,0,0,0.485,0.002,0.476,0,0,0.037,0,0,0,0,0
2021,MO,29,24066,623294128,289749650,697117634,316092821,76941410,34254655,51845,20619,101233,62940390,14564005,2113989,63437424,--,1.348,1.204,2.631,1636.06,0.189,0.027,1648.98,--,0.166,0.142,0.325,201.96,0.023,0.003,203.555,--,1.613,1.441,3.149,1957.721,0.227,0.033,1973.181,--,1.704,24.795,0.517,1.616,1.493,28.728,0.397,1.392,3.455,4.08,0.037,3.154,2059.27,3219.534,967.963,1963.87,0.2471,0.1177,0.0198,0.227,0.0359,0.0235,0.0022,0.033,2076.158,3229.486,969.108,1979.365,--,--,0.173,1.258,0.064,0.166,0.15,1.314,0.049,0.142,0.351,0.207,0.005,0.325,209.05,163.326,119.133,202.348,0.0251,0.006,0.0024,0.0234,0.0036,0.0012,0.0003,0.0034,210.764,163.831,119.274,203.944,--,--,1.722,1.505,1.408,1782.417,0.19,0.027,1795.359,--,57858268,258694,6058969,4292433,1698931,123732,6534345,116036,0,0,2,68468366,8473044,6774113,64299665,12641745,0.752,0.003,0.079,0.056,0.022,0.002,0.085,0.002,0,0,0,0.89,0.11,0.088,0.836,0.164,14288219,45151,4758720,0,0,197185,0,0,0,0,0,0.741,0.002,0.247,0,0,0.01,0,0,0,0,0
2021,MS,28,16263,431503840,194200145,435261503,196019785,67723497,30112177,13619,7178,4855,28239066,2460897,341384,28320693,--,0.402,0.477,0.143,833.952,0.036,0.005,836.362,--,0.063,0.074,0.023,130.887,0.006,0.001,131.265,--,0.491,0.581,0.175,1017.138,0.044,0.006,1020.078,--,0.9,103.488,0.337,0.483,1.189,105.556,0.38,0.572,0.429,9.256,0.021,0.126,1466.081,5222.558,889.745,1038.822,0.1169,0.2115,0.0172,0.043,0.0166,0.0423,0.0018,0.0057,1473.945,5240.465,890.724,1041.582,--,--,0.104,3.236,0.045,0.062,0.139,3.237,0.05,0.073,0.049,0.289,0.003,0.016,168.807,163.324,118.332,132.83,0.0135,0.0066,0.0023,0.0055,0.0019,0.0013,0.0002,0.0007,169.712,163.884,118.462,133.183,--,--,0.603,0.707,0.121,1029.86,0.038,0.005,1032.304,--,5530688,8247,48621025,11772058,0,1366549,0,424931,0,0,0,65932017,1791480,1791480,55526508,12196989,0.082,0,0.718,0.174,0,0.02,0,0.006,0,0,0,0.974,0.026,0.026,0.82,0.18,5034724,43,19846086,0,0,393909,0,0,0,0,0,0.199,0,0.785,0,0,0.016,0,0,0,0,0
2021,MT,30,6283,127504813,50723825,242880612,99258842,24947923,10124911,10621,4216,13373,13035584,2924980,425999,13135620,--,0.851,0.833,1.072,1045.024,0.117,0.017,1053.043,--,0.167,0.166,0.21,204.472,0.023,0.003,206.041,--,1.743,1.706,2.195,2139.881,0.24,0.035,2156.302,--,1.6,1.388,5.955,1.785,1.557,1.336,6.413,1.819,1.755,16.734,0.07,2.253,2257.373,1824.595,1234.331,2195.422,0.2642,0.0525,0.0258,0.2455,0.0384,0.0105,0.0026,0.0358,2275.432,1829.024,1235.762,2212.222,--,--,0.148,0.172,0.574,0.167,0.14,0.167,0.625,0.166,0.162,2.071,0.007,0.21,208.35,225.775,118.893,205.006,0.0244,0.0065,0.0025,0.0229,0.0035,0.0013,0.0003,0.0033,210.017,226.323,119.031,206.575,--,--,2.285,2.453,0.894,2025.3,0.209,0.03,2039.541,--,10876454,450731,528305,0,9258373,32282,3472646,33436,0,13018,282678,12151186,12796737,3538364,12183468,12764455,0.436,0.018,0.021,0,0.371,0.001,0.139,0.001,0,0.001,0.011,0.487,0.513,0.142,0.488,0.512,2106763,28306,516388,0,0,0,0,0,0,0,0,0.795,0.011,0.195,0,0,0,0,0,0,0,0
2021,NC,37,39161,597413752,287790879,743943932,354416000,129730297,58314623,25666,12977,14545,43426175,6448289,918419,43631987,--,0.396,0.445,0.224,669.484,0.05,0.007,672.657,--,0.086,0.09,0.049,145.381,0.011,0.002,146.07,--,0.73,0.821,0.414,1235.097,0.092,0.013,1240.951,--,1.446,15.415,0.197,0.712,1.494,16.44,0.196,0.773,0.739,3.095,0.009,0.308,1833.643,2154.058,892.663,1278.072,0.1908,0.0826,0.0146,0.0867,0.0275,0.0165,0.0015,0.0121,1846.608,2161.047,893.467,1283.854,--,--,0.144,1.162,0.026,0.083,0.148,1.063,0.026,0.088,0.074,0.233,0.001,0.036,182.57,162.435,119.043,149.631,0.019,0.0062,0.0019,0.0102,0.0027,0.0012,0.0002,0.0014,183.861,162.962,119.15,150.308,--,--,0.854,0.908,0.449,1375.753,0.109,0.015,1383.003,--,20404638,194702,47409893,43117707,5812758,2022502,514703,9964873,0,44654,243866,111415461,18314836,12502078,70320255,59410041,0.157,0.002,0.365,0.332,0.045,0.016,0.004,0.077,0,0,0.002,0.859,0.141,0.096,0.542,0.458,20879447,15347,20719871,0,0,730180,0,0,0,0,0,0.493,0,0.489,0,0,0.017,0,0,0,0,0
2021,ND,38,9998,270296789,116534040,420354628,174628817,43032367,17789017,28297,12337,35259,28846457,6477154,940484,29067553,--,1.315,1.387,1.639,1340.686,0.151,0.022,1350.962,--,0.209,0.212,0.261,213.443,0.024,0.003,215.079,--,2.168,2.286,2.701,2209.77,0.248,0.036,2226.707,--,2.297,16.931,0.096,2.174,2.344,17.631,0.092,2.201,2.873,5.159,0.004,2.711,2296.515,2752.401,880.501,2216.827,0.2626,0.1115,0.0215,0.249,0.0382,0.0223,0.0022,0.0362,2314.459,2761.83,881.682,2233.826,--,--,0.218,1.005,0.013,0.209,0.221,0.904,0.013,0.212,0.272,0.306,0.001,0.261,217.54,163.326,118.858,213.568,0.0249,0.0066,0.0029,0.024,0.0036,0.0013,0.0003,0.0035,219.24,163.885,119.017,215.205,--,--,2.257,2.289,2.911,2099.365,0.228,0.033,2114.881,--,24402791,33083,1577728,0,1989053,1764,14935203,0,0,48000,44745,26106347,16926020,14936967,26108111,16924256,0.567,0.001,0.037,0,0.046,0,0.347,0,0,0.001,0.001,0.607,0.393,0.347,0.607,0.393,5139502,2091,1330556,0,0,1764,0,0,0,0,0,0.794,0,0.206,0,0,0,0,0,0,0,0
2021,NE,31,10781,209466711,104218839,304756384,139839431,37910898,17077983,18790,9112,41204,21321856,4923637,715223,21489970,--,0.991,1.067,2.174,1124.84,0.13,0.019,1133.709,--,0.179,0.175,0.393,203.582,0.024,0.003,205.187,--,1.855,1.997,4.069,2105.388,0.243,0.035,2121.989,--,1.869,28.505,0.784,1.832,1.827,12.361,0.669,1.767,4.318,3.145,0.034,4.08,2163.34,3384.917,1210.917,2111.85,0.2568,0.0918,0.024,0.2438,0.0374,0.0183,0.0027,0.0354,2180.891,3392.68,1212.316,2128.501,--,--,0.181,1.375,0.076,0.177,0.179,1.804,0.064,0.173,0.418,0.152,0.003,0.395,209.437,163.307,117.611,204.31,0.0249,0.0044,0.0023,0.0236,0.0036,0.0009,0.0003,0.0034,211.136,163.682,117.747,205.921,--,--,2.033,1.943,3.979,2082.321,0.234,0.034,2098.311,--,18933617,55130,1173365,6880622,1123156,92473,9592039,60523,0,0,-28,27042707,10868191,9745035,20254558,17656340,0.499,0.001,0.031,0.181,0.03,0.002,0.253,0.002,0,0,0,0.713,0.287,0.257,0.534,0.466,8641150,17534,1091565,0,0,10068,0,0,0,0,0,0.885,0.002,0.112,0,0,0.001,0,0,0,0,0
2021,NH,33,4730,52390015,26076281,65945630,30657728,17193230,8099608,1291,504,378,2613732,1077694,140552,2648145,--,0.15,0.124,0.044,304.042,0.063,0.008,308.045,--,0.049,0.039,0.014,99.78,0.021,0.003,101.093,--,0.445,0.369,0.13,900.636,0.186,0.024,912.494,--,2.535,2.588,0.081,0.263,3.68,2.139,0.072,0.177,1.387,2.228,0.004,0.119,2293.733,1668.552,864.959,961.614,0.2772,0.0443,0.0167,0.0325,0.0403,0.0069,0.0017,0.0041,2312.687,1671.728,865.886,963.645,--,--,0.227,0.206,0.011,0.035,0.271,0.161,0.01,0.024,0.124,0.177,0.001,0.016,204.931,132.813,119.28,127.139,0.0248,0.0035,0.0023,0.0043,0.0036,0.0006,0.0002,0.0005,206.625,133.065,119.408,127.407,--,--,0.366,0.24,0.182,960.803,0.082,0.011,966.018,--,284163,69947,4466076,9856117,1025006,928688,504230,3685,0,55317,0,14731620,2461609,1436603,5804192,11389038,0.017,0.004,0.26,0.573,0.06,0.054,0.029,0,0,0.003,0,0.857,0.143,0.084,0.338,0.662,285553,70502,2972624,0,0,166290,0,0,0,0,0,0.082,0.02,0.851,0,0,0.048,0,0,0,0,0
2021,NJ,34,19151,243674491,122896631,257012223,129732993,61421800,28632387,7030,3363,1399,14769397,2174863,274551,14837491,--,0.229,0.235,0.046,480.917,0.035,0.004,483.134,--,0.058,0.055,0.011,121.222,0.009,0.001,121.781,--,0.44,0.451,0.087,923.454,0.068,0.009,927.712,--,1.414,72.931,0.205,0.333,1.352,67.378,0.209,0.33,1.519,0.828,0.005,0.057,2351.927,1409.843,835.941,887.945,0.2437,0.0251,0.016,0.0237,0.0355,0.0026,0.0016,0.0028,2368.595,1411.254,836.82,889.359,--,--,0.123,6.597,0.029,0.046,0.119,5.826,0.029,0.045,0.132,0.075,0.001,0.008,204.693,127.528,118.825,123.486,0.0212,0.0023,0.0023,0.0033,0.0031,0.0002,0.0002,0.0004,206.143,127.656,118.95,123.682,--,--,0.468,0.427,0.11,973.256,0.038,0.005,975.577,--,1026294,36984,29542815,28142099,-101853,699086,19729,1374535,0,667924,14186,59430302,1991497,2093350,31987288,29434510,0.017,0.001,0.48,0.457,0,0.011,0,0.022,0,0.011,0,0.968,0.032,0.034,0.521,0.479,976659,36799,16310465,0,0,211194,0,0,0,0,0,0.056,0.002,0.93,0,0,0.012,0,0,0,0,0
2021,NM,35,11497,228548082,109394638,339091210,150625974,35073357,15458561,12629,5717,2937,19891982,3385578,484096,20006432,--,0.72,0.74,0.167,1134.307,0.097,0.014,1140.834,--,0.111,0.105,0.026,174.073,0.015,0.002,175.074,--,1.119,1.149,0.26,1762.48,0.15,0.021,1772.62,--,1.451,13.691,0.694,1.12,1.37,13.7,0.709,1.06,0.459,4.717,0.005,0.26,2346.178,2507.26,1018.791,1763.834,0.2529,0.1015,0.0186,0.1501,0.0368,0.0203,0.0019,0.0215,2363.46,2515.85,1019.814,1773.983,--,--,0.128,0.892,0.081,0.111,0.121,0.892,0.081,0.105,0.041,0.307,0.001,0.026,207.093,163.326,118.735,174.234,0.0223,0.0066,0.0022,0.0148,0.0032,0.0013,0.0002,0.0021,208.619,163.885,118.854,175.236,--,--,1.202,1.149,0.218,1658.255,0.127,0.018,1666.799,--,12536319,32057,9979006,0,122862,25683,10580735,1746106,50934,0,-346,22547037,12526320,12403458,22572720,12500637,0.357,0.001,0.285,0,0.004,0.001,0.302,0.05,0.001,0,0,0.643,0.357,0.354,0.644,0.356,4958926,1244,5768892,0,0,4987,0,0,0,0,0,0.462,0,0.537,0,0,0,0,0,0,0,0
2021,NV,32,14538,226674930,112265313,337773769,166081657,41723320,20532205,10344,5771,2673,14917658,1179786,151403,14954965,--,0.496,0.562,0.128,715.075,0.028,0.004,716.864,--,0.091,0.103,0.024,131.622,0.005,0.001,131.951,--,0.714,0.81,0.185,1029.95,0.041,0.005,1032.526,--,1.975,0,0.581,0.714,2.114,0,0.649,0.8,1.869,0,0.006,0.184,2389.446,0,880.109,1023.839,0.2661,0,0.017,0.0407,0.0387,0,0.0017,0.0052,2407.637,0,881.039,1026.413,--,--,0.173,0,0.078,0.092,0.186,0,0.088,0.103,0.164,0,0.001,0.024,209.649,0,118.673,131.339,0.0233,0,0.0023,0.0052,0.0034,0,0.0002,0.0007,211.245,0,118.798,131.669,--,--,0.769,0.857,0.246,1032.896,0.044,0.006,1035.69,--,2752473,8014,26129918,0,1944288,49964,339944,6553907,3917454,0,27358,28917763,12805557,10861269,28967727,12755593,0.066,0,0.626,0,0.047,0.001,0.008,0.157,0.094,0,0.001,0.693,0.307,0.26,0.694,0.306,1737783,0,14900788,0,0,25841,0,0,0,0,0,0.104,0,0.894,0,0,0.002,0,0,0,0,0
2021,NY,36,43976,487606531,242568921,791936075,365527649,123769710,54499717,13088,6535,2366,28178985,3341313,415466,28282656,--,0.211,0.24,0.038,455.345,0.027,0.003,457.021,--,0.054,0.054,0.01,115.581,0.007,0.001,116.006,--,0.444,0.503,0.08,955.311,0.057,0.007,958.825,--,0,3.115,0.3,0.326,0,3.428,0.316,0.346,0,0.753,0.053,0.06,0,1242.946,941.897,944.707,0,0.0478,0.018,0.0183,0,0.0108,0.0019,0.002,0,1247.372,942.913,945.754,--,--,0,0.317,0.038,0.041,0,0.279,0.039,0.043,0,0.077,0.007,0.008,0,126.531,119.211,119.295,0,0.0049,0.0023,0.0023,0,0.0011,0.0002,0.0003,0,126.982,119.339,119.428,--,--,0.504,0.519,0.102,1007.004,0.035,0.004,1009.099,--,0,680616,55447801,31176583,28380177,1903311,4156369,1062202,0,975693,-13043,88267650,35502059,7121882,58994378,64775331,0,0.005,0.448,0.252,0.229,0.015,0.034,0.009,0,0.008,0,0.713,0.287,0.058,0.477,0.523,0,413089,29487368,0,0,530526,0,0,0,0,0,0,0.014,0.969,0,0,0.017,0,0,0,0,0
2021,OH,39,32266,918237009,400632945,952070054,413737549,125609191,53689668,37733,12538,76340,75879249,12462671,1779365,76298692,--,0.601,0.467,1.216,1208.18,0.099,0.014,1214.858,--,0.082,0.063,0.166,165.272,0.014,0.002,166.185,--,0.724,0.562,1.464,1455.016,0.119,0.017,1463.059,--,1.403,1.097,0.144,0.72,0.967,0.958,0.16,0.56,3.144,3.489,0.029,1.468,2144.874,2463.887,864.614,1460.884,0.2456,0.0694,0.0166,0.1199,0.0357,0.0133,0.0018,0.0171,2161.662,2469.573,865.499,1468.955,--,--,0.134,0.084,0.02,0.082,0.093,0.075,0.021,0.062,0.3,0.268,0.004,0.167,204.933,189.032,118.447,166.232,0.0235,0.0053,0.0023,0.0136,0.0034,0.001,0.0002,0.0019,206.537,189.468,118.568,167.151,--,--,0.937,0.786,1.718,1636.45,0.145,0.021,1646.232,--,45662048,1125001,56054277,17483009,578290,642822,2586756,660921,0,820958,-4891,121140403,4468789,3890499,104300216,21308976,0.364,0.009,0.446,0.139,0.005,0.005,0.021,0.005,0,0.007,0,0.964,0.036,0.031,0.83,0.17,19811431,541390,15828536,0,0,150018,0,0,0,136081,0,0.543,0.015,0.434,0,0,0.004,0,0,0,0.004,0
2021,OK,40,32192,413856416,216344618,726749221,336904284,80754586,37183448,21894,11360,16631,30426115,3762890,524369,30551282,--,0.542,0.611,0.412,753.545,0.047,0.006,756.645,--,0.106,0.105,0.08,147.037,0.009,0.001,147.642,--,0.963,1.085,0.732,1338.635,0.083,0.012,1344.142,--,1.654,30.945,0.574,0.966,1.619,30.599,0.611,0.964,1.978,2.77,0.01,0.719,1998.375,1617.644,984.109,1349.897,0.1972,0.064,0.0182,0.0827,0.0284,0.0127,0.0018,0.0114,2011.78,1623.031,985.107,1355.369,--,--,0.155,3.124,0.069,0.106,0.152,3.105,0.073,0.105,0.186,0.28,0.001,0.079,187.642,163.326,118.901,147.811,0.0185,0.0065,0.0022,0.0091,0.0027,0.0013,0.0002,0.0013,188.901,163.87,119.022,148.41,--,--,1.1,1.097,0.823,1405.92,0.09,0.012,1411.873,--,11246007,35178,33857238,0,2679235,318288,32540312,76618,0,1711,0,45140133,35614453,32935218,45458421,35296165,0.139,0,0.419,0,0.033,0.004,0.403,0.001,0,0,0,0.559,0.441,0.408,0.563,0.437,13392515,3274,20917833,0,0,69229,0,0,0,0,0,0.39,0,0.608,0,0,0.002,0,0,0,0,0
2021,OR,41,17698,178135889,73208270,520185154,210111930,61016875,24640425,13756,5676,463,9939781,904382,111360,9967679,--,0.451,0.461,0.015,325.804,0.015,0.002,326.719,--,0.154,0.155,0.005,111.598,0.005,0.001,111.911,--,1.232,1.259,0.041,889.958,0.04,0.005,892.456,--,0,0,1.161,1.161,0,0,1.175,1.175,0,0,0.008,0.008,0,0,926,926,0,0,0.016,0.016,0,0,0.0016,0.0016,0,0,926.879,926.879,--,--,0,0,0.149,0.149,0,0,0.15,0.15,0,0,0.001,0.001,0,0,118.542,118.542,0,0,0.0021,0.0021,0,0,0.0002,0.0002,0,0,118.655,118.655,--,--,2.396,2.302,0.082,903.426,0.056,0.007,906.971,--,0,419,21296627,0,27659573,1005134,9375750,1461062,182841,35743,-276,21332514,39684360,12024787,22337648,38679226,0,0,0.349,0,0.453,0.016,0.154,0.024,0.003,0.001,0,0.35,0.65,0.197,0.366,0.634,0,0,5821450,0,0,506267,0,0,0,0,0,0,0,0.92,0,0,0.08,0,0,0,0,0
2021,PA,42,54062,1248103349,563161124,1308355925,583954558,241279607,105745308,37682,16790,49049,87636486,11799753,1605569,88023213,--,0.312,0.318,0.407,726.431,0.049,0.007,729.637,--,0.06,0.06,0.079,140.431,0.009,0.001,141.051,--,0.473,0.481,0.616,1100.581,0.074,0.01,1105.437,--,1.549,2.818,0.151,0.427,1.532,2.172,0.148,0.435,3.062,0.377,0.004,0.593,2221.174,1642.188,829.382,1099.103,0.2578,0.0362,0.0153,0.062,0.0375,0.0044,0.0015,0.0085,2238.784,1644.413,830.222,1103.172,--,--,0.144,0.211,0.022,0.055,0.142,0.165,0.021,0.056,0.284,0.028,0.001,0.077,205.98,122.885,118.847,142.26,0.0239,0.0027,0.0022,0.008,0.0035,0.0003,0.0002,0.0011,207.613,123.052,118.967,142.786,--,--,1.087,1.068,1.396,1494.586,0.134,0.019,1503.642,--,29247948,123457,126665365,75902514,2443405,1765557,3455169,223504,0,1472575,-19886,233391972,7887635,5444230,159255016,82024592,0.121,0.001,0.525,0.315,0.01,0.007,0.014,0.001,0,0.006,0,0.967,0.033,0.023,0.66,0.34,20138072,378547,21893620,0,0,806880,0,0,0,0,0,0.466,0.009,0.507,0,0,0.019,0,0,0,0,0
2021,PR,72,6342,183865546,81019049,188035753,82924243,18578947,8256731,29903,12467,30510,14473222,1510125,239405,14527770,--,3.219,3.02,3.284,1558.024,0.081,0.013,1563.896,--,0.325,0.308,0.332,157.433,0.008,0.001,158.026,--,3.303,3.098,3.37,1598.601,0.083,0.013,1604.626,--,2.504,4.431,2.218,3.302,2.519,4.064,2.163,3.1,2.721,5.901,0.355,3.369,2217.168,1690.614,1161.527,1598.384,0.2611,0.0608,0.0227,0.0834,0.038,0.0118,0.0025,0.0132,2235.014,1695.644,1162.846,1604.409,--,--,0.233,0.428,0.232,0.325,0.233,0.397,0.226,0.308,0.253,0.57,0.037,0.332,205.912,163.232,121.373,157.433,0.0243,0.0059,0.0024,0.0082,0.0035,0.0011,0.0003,0.0013,207.569,163.717,121.511,158.026,--,--,3.831,3.575,4.455,1618.059,0.06,0.011,1622.693,--,3257268,6908148,7944397,0,0,0,165727,305856,0,0,-2449,18107364,471583,471583,18107364,471583,0.175,0.372,0.428,0,0,0,0.009,0.016,0,0,0,0.975,0.025,0.025,0.975,0.025,384972,7119329,3059641,0,0,0,0,0,0,0,0,0.036,0.674,0.29,0,0,0,0,0,0,0,0
2021,RI,44,2366,67313792,33548956,71364647,35363244,9314561,4588660,1818,910,56,3878225,144963,14569,3882208,--,0.39,0.397,0.012,832.723,0.016,0.002,833.578,--,0.054,0.054,0.002,115.228,0.002,0,115.347,--,0.41,0.417,0.013,875.794,0.016,0.002,876.694,--,0,47,0.402,0.402,0,38,0.408,0.408,0,4,0.005,0.005,0,2450,896.886,896.886,0,0.099,0.0168,0.0168,0,0.02,0.0017,0.0017,0,2458,897.806,897.807,--,--,0,3.133,0.053,0.053,0,3.167,0.054,0.054,0,0.267,0.001,0.001,0,163.333,118.854,118.854,0,0.0066,0.0022,0.0022,0,0.0013,0.0002,0.0002,0,163.867,118.976,118.976,--,--,0.247,0.241,0.01,924.074,0.017,0.002,925.014,--,0,12259,8635942,0,4455,208274,172160,281471,0,0,0,8648201,666360,661905,8856475,458086,0,0.001,0.927,0,0,0.022,0.018,0.03,0,0,0,0.928,0.072,0.071,0.951,0.049,0,2,3427010,0,0,54118,0,0,0,0,0,0,0,0.984,0,0,0.016,0,0,0,0,0
2021,SC,45,26212,362973726,167219752,405627097,186270578,98113947,44023965,11675,4986,8766,27816569,4869646,700513,27981816,--,0.238,0.227,0.179,567.026,0.05,0.007,570.394,--,0.064,0.06,0.048,153.27,0.013,0.002,154.181,--,0.58,0.552,0.435,1380.914,0.121,0.017,1389.117,--,1.054,56.888,0.226,0.547,0.987,81.739,0.188,0.504,0.912,9.916,0.048,0.381,2207.269,4146.589,972.654,1447.857,0.2509,0.1679,0.0237,0.1111,0.0364,0.0336,0.0027,0.0157,2224.393,4160.8,974.05,1455.306,--,--,0.097,2.241,0.028,0.06,0.09,2.214,0.024,0.056,0.084,0.391,0.006,0.042,203.62,163.326,122.29,159.718,0.0231,0.0066,0.003,0.0123,0.0034,0.0013,0.0003,0.0017,205.2,163.886,122.466,160.54,--,--,0.666,0.613,0.518,1542.579,0.139,0.02,1552.021,--,15188401,85688,23018254,53771428,1775680,1952711,0,2279650,0,40875,1260,92105906,6008041,4232361,40287189,57826758,0.155,0.001,0.235,0.548,0.018,0.02,0,0.023,0,0,0,0.939,0.061,0.043,0.411,0.589,11523765,2124,11978731,0,0,893455,0,0,0,0,0,0.472,0,0.491,0,0,0.037,0,0,0,0,0
2021,SD,46,6702,30713576,16305881,157267298,67579579,17322409,7401146,1101,536,642,2623639,428686,61160,2638110,--,0.127,0.145,0.074,302.919,0.025,0.004,304.589,--,0.072,0.066,0.042,170.846,0.014,0.002,171.788,--,0.731,0.834,0.427,1742.568,0.142,0.02,1752.18,--,0.816,12.857,0.463,0.739,0.785,14.381,0.47,0.675,0.726,4.156,0.007,0.43,2247.55,2212.195,1144.508,1758.999,0.2369,0.0896,0.0214,0.1406,0.0345,0.0179,0.0022,0.0201,2263.744,2219.774,1145.712,1768.5,--,--,0.076,0.949,0.048,0.072,0.074,0.999,0.048,0.066,0.068,0.307,0.001,0.042,209.76,163.326,119.21,171.771,0.0221,0.0066,0.0022,0.0137,0.0032,0.0013,0.0002,0.002,211.271,163.885,119.335,172.699,--,--,0.715,0.643,0.359,1640.081,0.118,0.017,1648.014,--,1638390,38192,1311854,0,4982552,22796,9326617,2007,0,0,0,2988437,14333972,9351420,3011233,14311176,0.095,0.002,0.076,0,0.288,0.001,0.538,0,0,0,0,0.173,0.827,0.54,0.174,0.826,1052003,19758,1302433,0,0,6496,0,0,0,0,0,0.442,0.008,0.547,0,0,0.003,0,0,0,0,0
2021,TN,47,23998,317291053,164430202,416670833,205920816,79057209,36592210,10470,5063,14479,27601868,5110968,742530,27774674,--,0.265,0.277,0.366,698.276,0.065,0.009,702.647,--,0.066,0.062,0.091,173.985,0.016,0.002,175.074,--,0.633,0.662,0.876,1669.509,0.155,0.022,1679.961,--,0.845,41,0.329,0.632,0.809,42.37,0.283,0.592,1.44,3.697,0.01,0.85,2230.383,2106.848,915.277,1687.463,0.2516,0.0844,0.0191,0.1556,0.0366,0.0169,0.0024,0.0225,2247.576,2114,916.202,1697.94,--,--,0.077,3.214,0.042,0.066,0.074,3.232,0.037,0.062,0.132,0.29,0.001,0.088,204.388,165.144,117.383,175.294,0.0231,0.0066,0.0024,0.0162,0.0034,0.0013,0.0003,0.0023,205.963,165.705,117.501,176.382,--,--,0.585,0.552,0.785,1704.53,0.154,0.022,1714.971,--,18259796,103066,13986006,35330407,10294189,699692,28186,338576,0,16627,664,67696566,11360643,1066454,33065852,45991358,0.231,0.001,0.177,0.447,0.13,0.009,0,0.004,0,0,0,0.856,0.144,0.013,0.418,0.582,13565764,66,10564360,0,0,117510,0,0,0,0,0,0.559,0,0.436,0,0,0.005,0,0,0,0,0
2021,TX,48,150061,2718895722,1383386809,3740172035,1783762625,480614368,227263814,124330,60638,157160,205808157,27466149,3831684,206722404,--,0.517,0.534,0.654,856.438,0.057,0.008,860.242,--,0.091,0.088,0.116,151.391,0.01,0.001,152.064,--,0.765,0.789,0.967,1266.131,0.084,0.012,1271.755,--,1.253,3.909,0.579,0.764,1.251,3.874,0.545,0.738,3.387,9.809,0.008,0.965,2274.059,2155.877,882.543,1271.573,0.2569,0.0534,0.0163,0.084,0.0373,0.0092,0.0016,0.0117,2291.61,2159.953,883.436,1277.156,--,--,0.116,0.313,0.078,0.091,0.115,0.309,0.072,0.088,0.313,0.785,0.001,0.115,210.22,172.563,118.613,152.03,0.0237,0.0043,0.0022,0.01,0.0035,0.0007,0.0002,0.0014,211.842,172.889,118.733,152.698,--,--,0.839,0.794,0.857,1233.573,0.071,0.01,1238.213,--,88818139,297630,232075260,40211257,1052297,1269491,99474216,14778865,0,2219563,417652,364039500,116574869,115522571,325097734,155516635,0.185,0.001,0.483,0.084,0.002,0.003,0.207,0.031,0,0.005,0.001,0.757,0.243,0.24,0.676,0.324,34857472,135695,122723182,0,0,392949,0,0,0,1976369,0,0.218,0.001,0.767,0,0,0.002,0,0,0,0.012,0
2021,UT,49,10337,358845951,169575011,406418554,193078339,42560373,20355915,34866,16782,13837,33207783,6694586,965581,33435337,--,1.638,1.649,0.65,1560.502,0.157,0.023,1571.196,--,0.194,0.198,0.077,185.081,0.019,0.003,186.349,--,1.867,1.879,0.741,1778.548,0.179,0.026,1790.735,--,2.489,25.702,0.352,1.875,2.517,25.652,0.357,1.898,1.044,2.201,0.007,0.745,2144.162,1239.204,910.196,1789.125,0.2466,0.0502,0.017,0.1805,0.0359,0.01,0.0017,0.026,2161.015,1243.449,911.131,1801.399,--,--,0.238,3.388,0.046,0.194,0.245,3.388,0.045,0.198,0.1,0.29,0.001,0.077,205.294,163.326,118.731,185.499,0.0236,0.0066,0.0022,0.0187,0.0034,0.0013,0.0002,0.0027,206.908,163.885,118.853,186.771,--,--,1.668,1.705,0.428,1592.834,0.147,0.021,1602.786,--,26375565,38114,10681063,0,493542,80752,825229,3479353,419662,5272,161821,37261835,5298538,4804996,37342587,5217786,0.62,0.001,0.251,0,0.012,0.002,0.019,0.082,0.01,0,0.004,0.876,0.124,0.113,0.877,0.123,7266429,1546,5344761,0,0,4247,0,0,0,0,0,0.576,0,0.424,0,0,0,0,0,0,0,0
2021,VA,51,30594,479998301,217299311,520736062,237565127,93103269,41083548,10361,4966,4076,27894228,4519196,601794,28002997,--,0.223,0.242,0.088,599.211,0.049,0.006,601.547,--,0.043,0.046,0.017,116.226,0.009,0.001,116.68,--,0.34,0.369,0.134,915.11,0.074,0.01,918.678,--,1.535,5.544,0.169,0.238,1.361,3.989,0.17,0.233,0.43,2.919,0.026,0.049,1732.035,1914.2,906.618,944.194,0.2524,0.0696,0.0215,0.0316,0.0378,0.0132,0.0024,0.004,1749.616,1919.883,907.873,946.163,--,--,0.159,0.47,0.023,0.031,0.144,0.34,0.023,0.031,0.044,0.247,0.003,0.006,179.291,162.294,121.31,124.626,0.0261,0.0059,0.0029,0.0042,0.0039,0.0011,0.0003,0.0005,181.111,162.776,121.478,124.886,--,--,0.527,0.546,0.162,1064.384,0.091,0.012,1068.841,--,3015489,338987,53487165,28571516,267022,3594443,49583,3251473,0,527592,0,85940749,7162520,6895498,60963676,32139594,0.032,0.004,0.574,0.307,0.003,0.039,0.001,0.035,0,0.006,0,0.923,0.077,0.074,0.655,0.345,2120133,105951,21795941,0,0,1644707,0,0,0,0,0,0.083,0.004,0.849,0,0,0.064,0,0,0,0,0
2021,VT,50,887,5054558,1885861,19241047,7226398,2107703,796813,168,60,17,37986,288833,37936,47249,--,0.159,0.151,0.017,36.045,0.137,0.018,44.834,--,0.066,0.064,0.007,15.03,0.057,0.008,18.696,--,0.666,0.634,0.069,150.906,0.574,0.075,187.704,--,0,10.607,0,10.607,0,6.943,0,6.943,0,3.675,0,3.675,0,3808.855,0,3808.855,0,0.1446,0,0.1446,0,0.0289,0,0.0289,0,3821.088,0,3821.088,--,--,0,0.453,0,0.453,0,0.251,0,0.251,0,0.157,0,0.157,0,162.528,0,162.528,0,0.0062,0,0.0062,0,0.0012,0,0.0012,0,163.05,0,163.05,--,--,1.214,1.16,0.1,297.776,0.967,0.127,359.804,--,0,2885,2054,0,1092771,496320,338188,173303,0,0,2182,7121,2100582,1007811,503441,1604262,0,0.001,0.001,0,0.518,0.235,0.16,0.082,0,0,0.001,0.003,0.997,0.478,0.239,0.761,0,2681,0,0,0,135069,0,0,0,0,0,0,0.019,0,0,0,0.981,0,0,0,0,0
2021,WA,53,31472,171903590,73837402,885775301,370546056,110808401,45767698,7266,3295,2179,11182065,1874901,261592,11244479,--,0.131,0.144,0.039,201.827,0.017,0.002,202.954,--,0.085,0.089,0.025,130.097,0.011,0.002,130.823,--,0.674,0.74,0.202,1036.922,0.087,0.012,1042.71,--,2.079,38.584,0.307,0.587,2.308,43.52,0.342,0.637,0.51,2.818,0.008,0.087,2445.606,1910.669,856.962,1106.498,0.2763,0.0703,0.0165,0.0573,0.0402,0.0134,0.0017,0.0077,2464.494,1916.435,857.868,1110.229,--,--,0.178,3.081,0.043,0.074,0.193,3.038,0.047,0.08,0.044,0.225,0.001,0.011,209.76,152.578,118.749,139.806,0.0237,0.0056,0.0023,0.0072,0.0034,0.0011,0.0002,0.001,211.38,153.038,118.874,140.278,--,--,0.883,0.919,0.235,1141.511,0.095,0.013,1147.888,--,3132521,31913,16589364,8511288,71381343,1510778,9297756,50208,0,303506,-276,28568315,82240085,10858742,21567806,89240595,0.028,0,0.15,0.077,0.644,0.014,0.084,0,0,0.003,0,0.258,0.742,0.098,0.195,0.805,1624250,819,6192340,0,0,597496,0,0,0,0,0,0.193,0,0.736,0,0,0.071,0,0,0,0,0
2021,WI,55,18260,474897438,229732490,511199437,243596263,64242542,29304817,16551,8345,7105,40701558,7488392,1074662,40952458,--,0.515,0.57,0.221,1267.122,0.117,0.017,1274.933,--,0.07,0.073,0.03,171.412,0.016,0.002,172.469,--,0.66,0.729,0.283,1622.637,0.149,0.021,1632.639,--,0.748,1.146,0.43,0.612,0.749,0.986,0.553,0.669,0.421,1.951,0.031,0.261,2177.852,1237.778,978.638,1650.896,0.2433,0.4843,0.0173,0.1465,0.0354,0.0663,0.0018,0.021,2194.496,1250.952,979.619,1660.711,--,--,0.072,0.14,0.052,0.065,0.072,0.12,0.062,0.068,0.04,0.238,0.004,0.028,209.153,151.243,119.158,174.827,0.0234,0.0592,0.0021,0.0155,0.0034,0.0081,0.0002,0.0022,210.751,152.853,119.277,175.867,--,--,0.833,0.897,0.301,1656.452,0.154,0.022,1666.63,--,27441587,320543,21308064,9970190,2144883,1071645,1593479,366806,0,25346,0,59065730,5176813,3031930,50167185,14075358,0.427,0.005,0.332,0.155,0.033,0.017,0.025,0.006,0,0,0,0.919,0.081,0.047,0.781,0.219,11451935,290120,9081021,0,0,479664,0,0,0,0,0,0.538,0.014,0.426,0,0,0.023,0,0,0,0,0
2021,WV,54,15586,634546181,309107284,664070888,318962957,65836063,31243313,33954,14798,47394,63997457,14678343,2133097,64498768,--,1.031,0.947,1.44,1944.146,0.223,0.032,1959.375,--,0.107,0.096,0.149,201.711,0.023,0.003,203.291,--,1.086,0.998,1.516,2047.677,0.235,0.034,2063.717,--,1.103,0,0.706,1.086,0.997,0,0.626,0.982,1.582,0,0.01,1.516,2086.899,0,1147.422,2047.477,0.2442,0,0.0204,0.2348,0.0355,0,0.0021,0.0341,2103.591,0,1148.544,2063.516,--,--,0.108,0,0.073,0.107,0.097,0,0.065,0.096,0.156,0,0.001,0.149,205.194,0,118.533,201.725,0.024,0,0.0021,0.0231,0.0035,0,0.0002,0.0034,206.835,0,118.648,203.306,--,--,1.08,0.995,1.305,2055.654,0.234,0.034,2071.65,--,59667589,167199,2625675,0,1704564,10166,1624136,0,0,53005,-16271,62497197,3338866,1634302,62507363,3328700,0.906,0.003,0.04,0,0.026,0,0.025,0,0,0.001,0,0.949,0.051,0.025,0.949,0.051,24181301,0,1490924,0,0,7410,0,0,0,0,0,0.942,0,0.058,0,0,0,0,0,0,0,0
2021,WY,56,11403,386579169,179024406,469857025,203480857,43460744,18485888,26122,12110,25208,39851718,8590907,1248278,40145098,--,1.202,1.31,1.16,1833.918,0.198,0.029,1847.419,--,0.135,0.135,0.13,206.176,0.022,0.003,207.694,--,1.535,1.673,1.481,2341.232,0.252,0.037,2358.468,--,1.542,35.251,1.419,1.538,1.544,35.248,1.519,1.543,1.538,3.167,0.01,1.48,2408.555,1783.306,794.65,2347.21,0.2624,0.0722,0.0149,0.253,0.0382,0.0144,0.0015,0.0368,2426.485,1789.417,795.466,2364.49,--,--,0.133,3.228,0.21,0.135,0.134,3.226,0.22,0.135,0.133,0.29,0.001,0.13,208.472,163.326,117.574,206.424,0.0227,0.0066,0.0022,0.0223,0.0033,0.0013,0.0002,0.0032,210.024,163.885,117.695,207.944,--,--,1.694,1.68,1.649,2367.935,0.253,0.037,2385.187,--,32038129,60332,1500701,0,790445,0,8447860,179072,0,360169,84037,34043367,9417377,8626932,34043367,9417377,0.737,0.001,0.035,0,0.018,0,0.194,0.004,0,0.008,0.002,0.783,0.217,0.198,0.783,0.217,15354451,689,546454,0,0,0,0,0,0,14156,0,0.965,0,0.034,0,0,0,0,0,0,0.001,0